"","n","nchain","run","exp","rmse","cov"
"1",NA,NA,NA,1,NA,NA
"2",100,1,1,1,1.39438663738552,0.977
"3",100,2,1,1,1.37476595358745,0.975
"4",100,5,1,1,1.37351817051497,0.974
"5",1000,1,1,1,0.794252537473077,0.992
"6",1000,2,1,1,0.79511187096271,0.99
"7",1000,5,1,1,0.805023468395411,0.994
"8",10000,1,1,1,0.436299351720669,0.938
"9",10000,2,1,1,0.415349879429767,0.959
"10",10000,5,1,1,0.398406460876366,0.973
"11",1e+05,1,1,1,0.366495387171961,0.945
"12",1e+05,2,1,1,0.366187238391912,0.931
"13",1e+05,5,1,1,0.367326754870272,0.941
"14",20000,1,1,1,0.353599645817763,0.95
"15",20000,2,1,1,0.336542674310253,0.963
"16",20000,5,1,1,0.332844702592983,0.965
"17",50000,1,1,1,0.337357816247873,0.924
"18",50000,2,1,1,0.346906669718639,0.928
"19",50000,5,1,1,0.340661571701445,0.93
"20",100,1,10,1,1.51410904614043,0.956
"21",100,2,10,1,1.51301650513643,0.953
"22",100,5,10,1,1.51435654387429,0.951
"23",1000,1,10,1,0.996179753111832,0.953
"24",1000,2,10,1,0.988103051556051,0.963
"25",1000,5,10,1,0.999949098167245,0.954
"26",10000,1,10,1,0.375630927328836,0.978
"27",10000,2,10,1,0.377738598257516,0.98
"28",10000,5,10,1,0.379600669811564,0.982
"29",1e+05,1,10,1,0.14730222662393,0.964
"30",1e+05,2,10,1,0.176672094285102,0.95
"31",1e+05,5,10,1,0.164158106956888,0.976
"32",20000,1,10,1,0.390608234156191,0.943
"33",20000,2,10,1,0.379460453304779,0.957
"34",20000,5,10,1,0.398945633172314,0.953
"35",50000,1,10,1,0.377402641998259,0.884
"36",50000,2,10,1,0.373641947708144,0.893
"37",50000,5,10,1,0.366225411283902,0.923
"38",100,1,100,1,1.24659317659162,0.993
"39",100,2,100,1,1.22317795823723,0.994
"40",100,5,100,1,1.20564482676102,0.994
"41",1000,1,100,1,0.80482458030887,0.989
"42",1000,2,100,1,0.819664454191665,0.989
"43",1000,5,100,1,0.861181533710019,0.986
"44",10000,1,100,1,0.386871798173771,0.966
"45",10000,2,100,1,0.376026105674687,0.969
"46",10000,5,100,1,0.388139498004002,0.971
"47",1e+05,1,100,1,0.209488091161528,0.909
"48",1e+05,2,100,1,0.197935507047673,0.924
"49",1e+05,5,100,1,0.200264837634662,0.938
"50",20000,1,100,1,0.366461406927879,0.935
"51",20000,2,100,1,0.343651442398844,0.955
"52",20000,5,100,1,0.339016948601529,0.955
"53",50000,1,100,1,0.17713437137852,0.955
"54",50000,2,100,1,0.190721199058156,0.956
"55",50000,5,100,1,0.163509496599381,0.977
"56",100,1,11,1,1.48157108569875,0.959
"57",100,2,11,1,1.47748282942446,0.961
"58",100,5,11,1,1.47563125932124,0.962
"59",1000,1,11,1,0.903319594329729,0.971
"60",1000,2,11,1,0.896059189952917,0.968
"61",1000,5,11,1,0.892558091404505,0.973
"62",10000,1,11,1,0.465241285970825,0.957
"63",10000,2,11,1,0.443458189626043,0.97
"64",10000,5,11,1,0.443135522400206,0.968
"65",1e+05,1,11,1,0.316283418769237,0.89
"66",1e+05,2,11,1,0.313050029089009,0.905
"67",1e+05,5,11,1,0.313384019093983,0.921
"68",20000,1,11,1,0.381045847081807,0.94
"69",20000,2,11,1,0.389107761400275,0.943
"70",20000,5,11,1,0.377265783828692,0.947
"71",50000,1,11,1,0.307589471642844,0.923
"72",50000,2,11,1,0.303293871439917,0.933
"73",50000,5,11,1,0.301602643361725,0.937
"74",100,1,12,1,1.1939016037215,0.994
"75",100,2,12,1,1.20289715477265,0.993
"76",100,5,12,1,1.18108283242638,0.996
"77",1000,1,12,1,0.783214776143345,0.99
"78",1000,2,12,1,0.791733814336987,0.99
"79",1000,5,12,1,0.783642335081631,0.989
"80",10000,1,12,1,0.475136334357836,0.945
"81",10000,2,12,1,0.492487070927629,0.949
"82",10000,5,12,1,0.47091578752245,0.96
"83",1e+05,1,12,1,0.350786253339846,0.888
"84",1e+05,2,12,1,0.351215613858019,0.895
"85",1e+05,5,12,1,0.35131663893592,0.915
"86",20000,1,12,1,0.358579187880365,0.944
"87",20000,2,12,1,0.35969944876065,0.952
"88",20000,5,12,1,0.363961214825069,0.958
"89",50000,1,12,1,0.324157661808419,0.939
"90",50000,2,12,1,0.307491635995877,0.949
"91",50000,5,12,1,0.306745677481581,0.955
"92",100,1,13,1,1.66830962200904,0.964
"93",100,2,13,1,1.67683163265264,0.959
"94",100,5,13,1,1.66870393761516,0.96
"95",1000,1,13,1,0.816737879445707,0.973
"96",1000,2,13,1,0.81151857896349,0.97
"97",1000,5,13,1,0.792855540103721,0.975
"98",10000,1,13,1,0.412295057976416,0.958
"99",10000,2,13,1,0.444559695832976,0.953
"100",10000,5,13,1,0.420728476132219,0.967
"101",1e+05,1,13,1,0.332891568166371,0.894
"102",1e+05,2,13,1,0.331826614610799,0.916
"103",1e+05,5,13,1,0.322575946711441,0.93
"104",20000,1,13,1,0.372013436813136,0.942
"105",20000,2,13,1,0.365855153283467,0.945
"106",20000,5,13,1,0.368904698134738,0.96
"107",50000,1,13,1,0.325796529168647,0.894
"108",50000,2,13,1,0.320809743199911,0.915
"109",50000,5,13,1,0.312123197683272,0.943
"110",100,1,14,1,1.263741792048,0.977
"111",100,2,14,1,1.26642718765666,0.98
"112",100,5,14,1,1.26368826621143,0.98
"113",1000,1,14,1,0.840928583015749,0.973
"114",1000,2,14,1,0.831975445809733,0.972
"115",1000,5,14,1,0.82059752422959,0.98
"116",10000,1,14,1,0.37707130569326,0.968
"117",10000,2,14,1,0.395542277068102,0.964
"118",10000,5,14,1,0.38263778090721,0.972
"119",1e+05,1,14,1,0.319468888351296,0.918
"120",1e+05,2,14,1,0.309034210824362,0.942
"121",1e+05,5,14,1,0.315535253176782,0.946
"122",20000,1,14,1,0.321265395609246,0.962
"123",20000,2,14,1,0.287357647162353,0.98
"124",20000,5,14,1,0.291365342179382,0.978
"125",50000,1,14,1,0.355811339807755,0.9
"126",50000,2,14,1,0.357075703588743,0.921
"127",50000,5,14,1,0.347069942357425,0.935
"128",100,1,15,1,1.29283054976545,0.972
"129",100,2,15,1,1.26694286053565,0.974
"130",100,5,15,1,1.27745215591273,0.972
"131",1000,1,15,1,0.758042779102571,0.985
"132",1000,2,15,1,0.764589671759403,0.988
"133",1000,5,15,1,0.736841990331668,0.992
"134",10000,1,15,1,0.428147586692023,0.964
"135",10000,2,15,1,0.444066188096276,0.961
"136",10000,5,15,1,0.431671188531145,0.975
"137",1e+05,1,15,1,0.203237849692392,0.955
"138",1e+05,2,15,1,0.194980220573903,0.959
"139",1e+05,5,15,1,0.197805476067235,0.962
"140",20000,1,15,1,0.328761231776425,0.963
"141",20000,2,15,1,0.341394632867401,0.96
"142",20000,5,15,1,0.352503373080928,0.963
"143",50000,1,15,1,0.331875789007042,0.924
"144",50000,2,15,1,0.325830805295424,0.944
"145",50000,5,15,1,0.327665985379578,0.951
"146",100,1,16,1,1.26493716966618,0.993
"147",100,2,16,1,1.25164795479346,0.995
"148",100,5,16,1,1.2747814799936,0.99
"149",1000,1,16,1,0.847774749513418,0.978
"150",1000,2,16,1,0.8532969862361,0.973
"151",1000,5,16,1,0.853588283229441,0.971
"152",10000,1,16,1,0.40748142136119,0.961
"153",10000,2,16,1,0.415722563161163,0.962
"154",10000,5,16,1,0.414758745499211,0.958
"155",1e+05,1,16,1,0.345733776823454,0.858
"156",1e+05,2,16,1,0.337605522675103,0.894
"157",1e+05,5,16,1,0.323292409488015,0.917
"158",20000,1,16,1,0.330614440700647,0.951
"159",20000,2,16,1,0.319990238267693,0.967
"160",20000,5,16,1,0.327801832837813,0.963
"161",50000,1,16,1,0.239885398801809,0.952
"162",50000,2,16,1,0.241489937587478,0.958
"163",50000,5,16,1,0.250191621166549,0.969
"164",100,1,17,1,1.31654050500188,0.98
"165",100,2,17,1,1.28711762517895,0.985
"166",100,5,17,1,1.28460136126857,0.985
"167",1000,1,17,1,0.917671361528128,0.968
"168",1000,2,17,1,0.93542393323326,0.965
"169",1000,5,17,1,0.909069721068372,0.966
"170",10000,1,17,1,0.485112517492708,0.928
"171",10000,2,17,1,0.497557618105745,0.932
"172",10000,5,17,1,0.472736087410368,0.936
"173",1e+05,1,17,1,0.306067216882265,0.926
"174",1e+05,2,17,1,0.303883805630665,0.942
"175",1e+05,5,17,1,0.305054786475744,0.937
"176",20000,1,17,1,0.367961244556709,0.941
"177",20000,2,17,1,0.365136818681194,0.945
"178",20000,5,17,1,0.366997818627956,0.946
"179",50000,1,17,1,0.363486749971742,0.927
"180",50000,2,17,1,0.34879741824343,0.943
"181",50000,5,17,1,0.351479225608323,0.941
"182",100,1,18,1,1.14734424962135,0.987
"183",100,2,18,1,1.16002125149869,0.989
"184",100,5,18,1,1.15376401135078,0.987
"185",1000,1,18,1,0.871699065304173,0.985
"186",1000,2,18,1,0.861252549462598,0.983
"187",1000,5,18,1,0.872273845188142,0.984
"188",10000,1,18,1,0.462899570454952,0.94
"189",10000,2,18,1,0.446580772338724,0.956
"190",10000,5,18,1,0.449600427584834,0.951
"191",1e+05,1,18,1,0.272842776177432,0.925
"192",1e+05,2,18,1,0.270609638455984,0.96
"193",1e+05,5,18,1,0.262648873823593,0.96
"194",20000,1,18,1,0.331511377910189,0.959
"195",20000,2,18,1,0.325678848192234,0.962
"196",20000,5,18,1,0.307308594971023,0.977
"197",50000,1,18,1,0.294031308042917,0.949
"198",50000,2,18,1,0.304819142225009,0.943
"199",50000,5,18,1,0.299073280547935,0.953
"200",100,1,19,1,1.21084125550248,0.985
"201",100,2,19,1,1.22919825993832,0.987
"202",100,5,19,1,1.23145613377517,0.988
"203",1000,1,19,1,0.90439920475712,0.964
"204",1000,2,19,1,0.873402797460787,0.969
"205",1000,5,19,1,0.87413183851896,0.974
"206",10000,1,19,1,0.44843408890341,0.942
"207",10000,2,19,1,0.474364051702393,0.944
"208",10000,5,19,1,0.436074292004729,0.956
"209",1e+05,1,19,1,0.340126281313764,0.888
"210",1e+05,2,19,1,0.331170246745035,0.934
"211",1e+05,5,19,1,0.330613139017195,0.941
"212",20000,1,19,1,0.342847340503306,0.975
"213",20000,2,19,1,0.361851525525472,0.97
"214",20000,5,19,1,0.346263356814536,0.979
"215",50000,1,19,1,0.265703727961326,0.937
"216",50000,2,19,1,0.249821577687381,0.954
"217",50000,5,19,1,0.255379070402284,0.956
"218",100,1,2,1,1.42348361299749,0.956
"219",100,2,2,1,1.43824086875472,0.946
"220",100,5,2,1,1.43892348505152,0.956
"221",1000,1,2,1,0.767693127625041,0.992
"222",1000,2,2,1,0.809797460242814,0.992
"223",1000,5,2,1,0.790527486564192,0.991
"224",10000,1,2,1,0.428171219516965,0.958
"225",10000,2,2,1,0.42278397361215,0.955
"226",10000,5,2,1,0.406180530583648,0.962
"227",1e+05,1,2,1,0.265569287231982,0.928
"228",1e+05,2,2,1,0.263143389047504,0.945
"229",1e+05,5,2,1,0.260901443494825,0.926
"230",20000,1,2,1,0.342412833841279,0.954
"231",20000,2,2,1,0.354117043585447,0.957
"232",20000,5,2,1,0.348820163291973,0.956
"233",50000,1,2,1,0.312725026411324,0.938
"234",50000,2,2,1,0.307788192617293,0.945
"235",50000,5,2,1,0.314106804102596,0.946
"236",100,1,20,1,1.3498497711268,0.968
"237",100,2,20,1,1.34896690915652,0.966
"238",100,5,20,1,1.36182440502456,0.963
"239",1000,1,20,1,1.00581877085406,0.953
"240",1000,2,20,1,0.979528326199248,0.955
"241",1000,5,20,1,0.98391830545193,0.96
"242",10000,1,20,1,0.437972532139599,0.946
"243",10000,2,20,1,0.440161782842633,0.945
"244",10000,5,20,1,0.428675608045397,0.954
"245",1e+05,1,20,1,0.312612478041215,0.921
"246",1e+05,2,20,1,0.304482050519649,0.949
"247",1e+05,5,20,1,0.303070018216537,0.945
"248",20000,1,20,1,0.405711656906446,0.937
"249",20000,2,20,1,0.410943244525905,0.928
"250",20000,5,20,1,0.397592646804335,0.941
"251",50000,1,20,1,0.249961460368252,0.965
"252",50000,2,20,1,0.267073888538175,0.958
"253",50000,5,20,1,0.251059922618491,0.975
"254",100,1,21,1,1.43789533643225,0.975
"255",100,2,21,1,1.44901680071616,0.974
"256",100,5,21,1,1.44951234217122,0.976
"257",1000,1,21,1,0.880806053364062,0.981
"258",1000,2,21,1,0.819463413317198,0.992
"259",1000,5,21,1,0.850103264583333,0.988
"260",10000,1,21,1,0.427916868817695,0.946
"261",10000,2,21,1,0.410147694120522,0.962
"262",10000,5,21,1,0.406466288793308,0.966
"263",1e+05,1,21,1,0.262514403579171,0.898
"264",1e+05,2,21,1,0.258403048432427,0.945
"265",1e+05,5,21,1,0.25856716259819,0.951
"266",20000,1,21,1,0.376862570143047,0.956
"267",20000,2,21,1,0.368312690904853,0.959
"268",20000,5,21,1,0.349978848120568,0.957
"269",50000,1,21,1,0.238879172118823,0.947
"270",50000,2,21,1,0.232469607337932,0.958
"271",50000,5,21,1,0.225873739559423,0.966
"272",100,1,22,1,1.30065738718872,0.98
"273",100,2,22,1,1.29660494242286,0.98
"274",100,5,22,1,1.30361754068687,0.976
"275",1000,1,22,1,0.798669565801767,0.979
"276",1000,2,22,1,0.793751742190396,0.976
"277",1000,5,22,1,0.801881512795564,0.974
"278",10000,1,22,1,0.479446557620903,0.953
"279",10000,2,22,1,0.482081770207439,0.96
"280",10000,5,22,1,0.481206249784273,0.966
"281",1e+05,1,22,1,0.287591576472584,0.938
"282",1e+05,2,22,1,0.304958508487958,0.943
"283",1e+05,5,22,1,0.291289593151516,0.955
"284",20000,1,22,1,0.394837076824429,0.941
"285",20000,2,22,1,0.381060344372604,0.941
"286",20000,5,22,1,0.386209572645985,0.944
"287",50000,1,22,1,0.33248357978463,0.927
"288",50000,2,22,1,0.329424633273727,0.941
"289",50000,5,22,1,0.324812761770092,0.948
"290",100,1,23,1,1.2833325256103,0.974
"291",100,2,23,1,1.25420621052612,0.98
"292",100,5,23,1,1.25927118283952,0.977
"293",1000,1,23,1,0.821361229308603,0.98
"294",1000,2,23,1,0.826889458965201,0.986
"295",1000,5,23,1,0.812338301227179,0.985
"296",10000,1,23,1,0.416906414759003,0.964
"297",10000,2,23,1,0.442880646198738,0.962
"298",10000,5,23,1,0.418089795207137,0.978
"299",1e+05,1,23,1,0.363108373202673,0.899
"300",1e+05,2,23,1,0.34968717671351,0.939
"301",1e+05,5,23,1,0.346947755451713,0.931
"302",20000,1,23,1,0.294997776152964,0.959
"303",20000,2,23,1,0.305493318451513,0.968
"304",20000,5,23,1,0.299565397723434,0.97
"305",50000,1,23,1,0.248751319230047,0.966
"306",50000,2,23,1,0.257974899241621,0.961
"307",50000,5,23,1,0.245109065984341,0.965
"308",100,1,24,1,1.20279736814154,0.986
"309",100,2,24,1,1.21519348350965,0.988
"310",100,5,24,1,1.21878644256016,0.985
"311",1000,1,24,1,0.804322116174828,0.982
"312",1000,2,24,1,0.797951936410675,0.982
"313",1000,5,24,1,0.79853186602914,0.981
"314",10000,1,24,1,0.354513602698519,0.977
"315",10000,2,24,1,0.354830029171802,0.976
"316",10000,5,24,1,0.3224394469098,0.991
"317",1e+05,1,24,1,0.211239582557538,0.902
"318",1e+05,2,24,1,0.209437980981295,0.946
"319",1e+05,5,24,1,0.196019905824585,0.955
"320",20000,1,24,1,0.289276190190522,0.976
"321",20000,2,24,1,0.302854238811133,0.974
"322",20000,5,24,1,0.284056394385078,0.989
"323",50000,1,24,1,0.286634836076584,0.925
"324",50000,2,24,1,0.27820912864246,0.943
"325",50000,5,24,1,0.276190457808077,0.956
"326",100,1,25,1,1.36208109745502,0.975
"327",100,2,25,1,1.37701182817726,0.973
"328",100,5,25,1,1.34736875338424,0.974
"329",1000,1,25,1,0.803632673855873,0.981
"330",1000,2,25,1,0.849626716386376,0.976
"331",1000,5,25,1,0.795690642846512,0.985
"332",10000,1,25,1,0.438043709729456,0.933
"333",10000,2,25,1,0.434931988177198,0.92
"334",10000,5,25,1,0.425540065837723,0.936
"335",1e+05,1,25,1,0.385895964190442,0.865
"336",1e+05,2,25,1,0.384645919311298,0.91
"337",1e+05,5,25,1,0.380128453748381,0.924
"338",20000,1,25,1,0.351249643272863,0.956
"339",20000,2,25,1,0.337536920155742,0.964
"340",20000,5,25,1,0.338213681340826,0.972
"341",50000,1,25,1,0.333155369920178,0.924
"342",50000,2,25,1,0.328518478504377,0.938
"343",50000,5,25,1,0.327363530031694,0.939
"344",100,1,26,1,1.11677914754705,0.999
"345",100,2,26,1,1.12788231943179,0.999
"346",100,5,26,1,1.11122842755147,0.998
"347",1000,1,26,1,0.825759865091925,0.977
"348",1000,2,26,1,0.831280375482283,0.977
"349",1000,5,26,1,0.83116932915779,0.978
"350",10000,1,26,1,0.409925396636434,0.967
"351",10000,2,26,1,0.394989141172654,0.973
"352",10000,5,26,1,0.375894778131786,0.984
"353",1e+05,1,26,1,0.3077397848354,0.898
"354",1e+05,2,26,1,0.306465721351015,0.924
"355",1e+05,5,26,1,0.303494923816571,0.934
"356",20000,1,26,1,0.450495433234758,0.896
"357",20000,2,26,1,0.441617055313185,0.906
"358",20000,5,26,1,0.428379939541645,0.931
"359",50000,1,26,1,0.350778785601665,0.92
"360",50000,2,26,1,0.350498960457056,0.93
"361",50000,5,26,1,0.351509997208556,0.936
"362",100,1,27,1,1.06060773380842,0.998
"363",100,2,27,1,1.08142641250819,0.997
"364",100,5,27,1,1.07413021420227,0.997
"365",1000,1,27,1,0.874096553203688,0.956
"366",1000,2,27,1,0.863791883766473,0.959
"367",1000,5,27,1,0.842534408246902,0.968
"368",10000,1,27,1,0.368013241998888,0.967
"369",10000,2,27,1,0.37635191907372,0.973
"370",10000,5,27,1,0.373267640580468,0.976
"371",1e+05,1,27,1,0.307670427575462,0.868
"372",1e+05,2,27,1,0.308435993596137,0.877
"373",1e+05,5,27,1,0.306054441574729,0.914
"374",20000,1,27,1,0.382942009508262,0.936
"375",20000,2,27,1,0.366428203402764,0.955
"376",20000,5,27,1,0.360450728230962,0.964
"377",50000,1,27,1,0.375269278467932,0.926
"378",50000,2,27,1,0.370972051956086,0.937
"379",50000,5,27,1,0.371769694925804,0.945
"380",100,1,28,1,1.47905186496347,0.973
"381",100,2,28,1,1.4929854046782,0.972
"382",100,5,28,1,1.49010263153459,0.97
"383",1000,1,28,1,0.86810434797602,0.981
"384",1000,2,28,1,0.899642706432029,0.962
"385",1000,5,28,1,0.885581096635042,0.967
"386",10000,1,28,1,0.391853448568724,0.966
"387",10000,2,28,1,0.397565976797113,0.966
"388",10000,5,28,1,0.398906881205111,0.969
"389",1e+05,1,28,1,0.32224279070043,0.899
"390",1e+05,2,28,1,0.319914023644419,0.911
"391",1e+05,5,28,1,0.307334632824193,0.94
"392",20000,1,28,1,0.300209471337065,0.968
"393",20000,2,28,1,0.312417978787141,0.968
"394",20000,5,28,1,0.3081367611664,0.974
"395",50000,1,28,1,0.359205012267695,0.9
"396",50000,2,28,1,0.345241665929782,0.931
"397",50000,5,28,1,0.337368679882867,0.939
"398",100,1,29,1,1.48664569177451,0.966
"399",100,2,29,1,1.4825579280447,0.967
"400",100,5,29,1,1.48956328661911,0.972
"401",1000,1,29,1,0.82494014064733,0.97
"402",1000,2,29,1,0.821740254407226,0.971
"403",1000,5,29,1,0.835973383215369,0.973
"404",10000,1,29,1,0.48626162718117,0.93
"405",10000,2,29,1,0.479296449322662,0.942
"406",10000,5,29,1,0.453724654816164,0.953
"407",1e+05,1,29,1,0.339665602653601,0.903
"408",1e+05,2,29,1,0.328102863963677,0.92
"409",1e+05,5,29,1,0.324279799287697,0.924
"410",20000,1,29,1,0.337493254519475,0.948
"411",20000,2,29,1,0.331330490697695,0.964
"412",20000,5,29,1,0.33076241235049,0.966
"413",50000,1,29,1,0.322410425884343,0.925
"414",50000,2,29,1,0.335880510572499,0.912
"415",50000,5,29,1,0.32599704520436,0.928
"416",100,1,3,1,1.28675739590943,0.997
"417",100,2,3,1,1.27036613420233,0.996
"418",100,5,3,1,1.2493996073561,0.998
"419",1000,1,3,1,0.919316715859626,0.959
"420",1000,2,3,1,0.878317002157351,0.963
"421",1000,5,3,1,0.89949010155267,0.959
"422",10000,1,3,1,0.471113090885885,0.936
"423",10000,2,3,1,0.47886599756855,0.943
"424",10000,5,3,1,0.473135774930775,0.94
"425",1e+05,1,3,1,0.302796803408081,0.922
"426",1e+05,2,3,1,0.303513128246232,0.928
"427",1e+05,5,3,1,0.307768413376207,0.928
"428",20000,1,3,1,0.436499351341272,0.906
"429",20000,2,3,1,0.424508346611801,0.921
"430",20000,5,3,1,0.417034687493442,0.923
"431",50000,1,3,1,0.354222736894113,0.893
"432",50000,2,3,1,0.34849989737219,0.915
"433",50000,5,3,1,0.348913381912002,0.933
"434",100,1,30,1,1.37517840691244,0.975
"435",100,2,30,1,1.38932038161609,0.975
"436",100,5,30,1,1.38872350249479,0.977
"437",1000,1,30,1,1.00774397157578,0.961
"438",1000,2,30,1,0.979971223988873,0.964
"439",1000,5,30,1,0.974647507219636,0.968
"440",10000,1,30,1,0.417370471565331,0.966
"441",10000,2,30,1,0.379129801495307,0.976
"442",10000,5,30,1,0.377953424709698,0.982
"443",1e+05,1,30,1,0.367168309532795,0.869
"444",1e+05,2,30,1,0.357776798598907,0.896
"445",1e+05,5,30,1,0.346284464436697,0.926
"446",20000,1,30,1,0.336929102767176,0.953
"447",20000,2,30,1,0.340838026040811,0.965
"448",20000,5,30,1,0.327350409241878,0.971
"449",50000,1,30,1,0.369581219057344,0.91
"450",50000,2,30,1,0.365417681377049,0.931
"451",50000,5,30,1,0.356339823305319,0.948
"452",100,1,31,1,1.24745959730361,0.991
"453",100,2,31,1,1.25919217931945,0.99
"454",100,5,31,1,1.25770278487965,0.991
"455",1000,1,31,1,0.921612823104407,0.971
"456",1000,2,31,1,0.916532694060907,0.968
"457",1000,5,31,1,0.922178884831406,0.965
"458",10000,1,31,1,0.472464800284078,0.935
"459",10000,2,31,1,0.478010553287065,0.937
"460",10000,5,31,1,0.457888788804157,0.948
"461",1e+05,1,31,1,0.297859302133727,0.906
"462",1e+05,2,31,1,0.296603282423197,0.914
"463",1e+05,5,31,1,0.291490707282571,0.923
"464",20000,1,31,1,0.441205271743678,0.925
"465",20000,2,31,1,0.414131376548973,0.922
"466",20000,5,31,1,0.400184488816957,0.942
"467",50000,1,31,1,0.266180362015682,0.914
"468",50000,2,31,1,0.257475550001634,0.943
"469",50000,5,31,1,0.2484969045299,0.958
"470",100,1,32,1,1.23897119750613,0.991
"471",100,2,32,1,1.26459835358275,0.99
"472",100,5,32,1,1.24847715697929,0.99
"473",1000,1,32,1,0.87656169304627,0.973
"474",1000,2,32,1,0.868844807512939,0.971
"475",1000,5,32,1,0.854008483120281,0.973
"476",10000,1,32,1,0.460650633265993,0.941
"477",10000,2,32,1,0.506608744677462,0.943
"478",10000,5,32,1,0.461919739535346,0.957
"479",1e+05,1,32,1,0.286263563600964,0.915
"480",1e+05,2,32,1,0.275778685384241,0.915
"481",1e+05,5,32,1,0.265212623394926,0.941
"482",20000,1,32,1,0.371431607682835,0.939
"483",20000,2,32,1,0.365009481247933,0.948
"484",20000,5,32,1,0.358758234189468,0.95
"485",50000,1,32,1,0.323678064186701,0.934
"486",50000,2,32,1,0.319367067323793,0.949
"487",50000,5,32,1,0.321444142118623,0.943
"488",100,1,33,1,1.36528922388378,0.985
"489",100,2,33,1,1.37721887167773,0.987
"490",100,5,33,1,1.36708026329923,0.987
"491",1000,1,33,1,0.882413980042181,0.969
"492",1000,2,33,1,0.888388383949417,0.966
"493",1000,5,33,1,0.888051283678895,0.965
"494",10000,1,33,1,0.417425110902027,0.96
"495",10000,2,33,1,0.390992523704516,0.972
"496",10000,5,33,1,0.400532071829243,0.975
"497",1e+05,1,33,1,0.198596368917109,0.952
"498",1e+05,2,33,1,0.200560096793355,0.964
"499",1e+05,5,33,1,0.199531199450773,0.972
"500",20000,1,33,1,0.378063319500688,0.947
"501",20000,2,33,1,0.398604611836747,0.943
"502",20000,5,33,1,0.376858119154214,0.956
"503",50000,1,33,1,0.286798270164645,0.934
"504",50000,2,33,1,0.284033498883147,0.932
"505",50000,5,33,1,0.273736202868044,0.96
"506",100,1,34,1,1.40919922985939,0.976
"507",100,2,34,1,1.412657380383,0.977
"508",100,5,34,1,1.41896635057935,0.978
"509",1000,1,34,1,0.878975583152936,0.971
"510",1000,2,34,1,0.857408605033642,0.978
"511",1000,5,34,1,0.878032691888453,0.974
"512",10000,1,34,1,0.436080942008368,0.944
"513",10000,2,34,1,0.43595452883933,0.948
"514",10000,5,34,1,0.418859158449936,0.96
"515",1e+05,1,34,1,0.376657488399708,0.888
"516",1e+05,2,34,1,0.359225596947669,0.921
"517",1e+05,5,34,1,0.359139876426674,0.921
"518",20000,1,34,1,0.352774447112429,0.935
"519",20000,2,34,1,0.330845263919777,0.961
"520",20000,5,34,1,0.322060345160901,0.97
"521",50000,1,34,1,0.360263561725841,0.883
"522",50000,2,34,1,0.342951275917578,0.918
"523",50000,5,34,1,0.337487315907039,0.926
"524",100,1,35,1,1.35008033506854,0.989
"525",100,2,35,1,1.32433578969345,0.985
"526",100,5,35,1,1.35435988413138,0.985
"527",1000,1,35,1,0.805890389777388,0.972
"528",1000,2,35,1,0.798989717053226,0.972
"529",1000,5,35,1,0.80984403093107,0.972
"530",10000,1,35,1,0.452290404387812,0.937
"531",10000,2,35,1,0.444069511171544,0.94
"532",10000,5,35,1,0.440095441212877,0.958
"533",1e+05,1,35,1,0.336215490394943,0.904
"534",1e+05,2,35,1,0.341116924201688,0.894
"535",1e+05,5,35,1,0.336722207179288,0.915
"536",20000,1,35,1,0.308486749632691,0.981
"537",20000,2,35,1,0.32187182903077,0.972
"538",20000,5,35,1,0.313942892845917,0.976
"539",50000,1,35,1,0.342967282213618,0.938
"540",50000,2,35,1,0.350494507890296,0.943
"541",50000,5,35,1,0.34999805942355,0.944
"542",100,1,36,1,1.71988629432126,0.957
"543",100,2,36,1,1.73028541045536,0.957
"544",100,5,36,1,1.7106284072702,0.961
"545",1000,1,36,1,0.925696943782115,0.964
"546",1000,2,36,1,0.914219092050363,0.971
"547",1000,5,36,1,0.912881358273239,0.97
"548",10000,1,36,1,0.471001981239847,0.945
"549",10000,2,36,1,0.459750909697539,0.954
"550",10000,5,36,1,0.445697752928444,0.961
"551",1e+05,1,36,1,0.279530160924026,0.902
"552",1e+05,2,36,1,0.286868255809859,0.902
"553",1e+05,5,36,1,0.283947902279025,0.949
"554",20000,1,36,1,0.305617819563541,0.955
"555",20000,2,36,1,0.302595393358902,0.964
"556",20000,5,36,1,0.289609296249699,0.965
"557",50000,1,36,1,0.350452290014778,0.912
"558",50000,2,36,1,0.341427599798603,0.951
"559",50000,5,36,1,0.337067974824726,0.951
"560",100,1,37,1,1.63125308207238,0.98
"561",100,2,37,1,1.61696024346641,0.977
"562",100,5,37,1,1.62116962507287,0.979
"563",1000,1,37,1,0.956024235113971,0.949
"564",1000,2,37,1,0.968013033887019,0.938
"565",1000,5,37,1,0.978435721339264,0.941
"566",10000,1,37,1,0.377995205859101,0.968
"567",10000,2,37,1,0.397049793240188,0.971
"568",10000,5,37,1,0.378817152196637,0.977
"569",1e+05,1,37,1,0.234905170124942,0.92
"570",1e+05,2,37,1,0.237332834281712,0.944
"571",1e+05,5,37,1,0.237810198427162,0.932
"572",20000,1,37,1,0.406315975103659,0.92
"573",20000,2,37,1,0.387378155509629,0.946
"574",20000,5,37,1,0.383194196636716,0.949
"575",50000,1,37,1,0.336569207799623,0.922
"576",50000,2,37,1,0.333115428160614,0.934
"577",50000,5,37,1,0.333165795151107,0.947
"578",100,1,38,1,1.46283815361591,0.964
"579",100,2,38,1,1.47774611477298,0.964
"580",100,5,38,1,1.4682879529566,0.963
"581",1000,1,38,1,0.81991488746819,0.988
"582",1000,2,38,1,0.80539755357371,0.99
"583",1000,5,38,1,0.798724551282549,0.989
"584",10000,1,38,1,0.420851967396386,0.965
"585",10000,2,38,1,0.392025514046321,0.97
"586",10000,5,38,1,0.396600768366892,0.975
"587",1e+05,1,38,1,0.335515529751946,0.888
"588",1e+05,2,38,1,0.327203422653511,0.916
"589",1e+05,5,38,1,0.325731062327087,0.912
"590",20000,1,38,1,0.353449952104832,0.95
"591",20000,2,38,1,0.327980918392959,0.954
"592",20000,5,38,1,0.330005293799411,0.964
"593",50000,1,38,1,0.323230918996672,0.947
"594",50000,2,38,1,0.312628409545093,0.954
"595",50000,5,38,1,0.300970360750244,0.958
"596",100,1,39,1,1.2157206956146,0.988
"597",100,2,39,1,1.23037513784952,0.985
"598",100,5,39,1,1.2126402638095,0.987
"599",1000,1,39,1,0.819001503546132,0.976
"600",1000,2,39,1,0.823071336281464,0.97
"601",1000,5,39,1,0.823245329509115,0.965
"602",10000,1,39,1,0.474367823747132,0.951
"603",10000,2,39,1,0.46662074155173,0.956
"604",10000,5,39,1,0.467130726987314,0.959
"605",1e+05,1,39,1,0.295640832504302,0.925
"606",1e+05,2,39,1,0.293039586832705,0.927
"607",1e+05,5,39,1,0.29015929507267,0.938
"608",20000,1,39,1,0.367786898626619,0.95
"609",20000,2,39,1,0.3540696340476,0.96
"610",20000,5,39,1,0.341635441188238,0.975
"611",50000,1,39,1,0.382890838031362,0.888
"612",50000,2,39,1,0.379989241460172,0.942
"613",50000,5,39,1,0.381934963397641,0.947
"614",100,1,4,1,1.36025263407582,0.996
"615",100,2,4,1,1.37814012543933,0.993
"616",100,5,4,1,1.38525800806081,0.993
"617",1000,1,4,1,0.866944201145472,0.97
"618",1000,2,4,1,0.851876825466668,0.973
"619",1000,5,4,1,0.85931765340566,0.974
"620",10000,1,4,1,0.363759096340106,0.978
"621",10000,2,4,1,0.353913242848729,0.98
"622",10000,5,4,1,0.347579010903937,0.984
"623",1e+05,1,4,1,0.300918966595495,0.919
"624",1e+05,2,4,1,0.30168946617698,0.917
"625",1e+05,5,4,1,0.299939473133599,0.929
"626",20000,1,4,1,0.305273133434308,0.981
"627",20000,2,4,1,0.316002055164662,0.977
"628",20000,5,4,1,0.312704956591781,0.978
"629",50000,1,4,1,0.361133535749073,0.917
"630",50000,2,4,1,0.35352789646205,0.947
"631",50000,5,4,1,0.360090292169869,0.945
"632",100,1,40,1,1.30089762657411,0.972
"633",100,2,40,1,1.28427087184816,0.975
"634",100,5,40,1,1.29805897033533,0.973
"635",1000,1,40,1,0.905033833940215,0.988
"636",1000,2,40,1,0.911566947563156,0.984
"637",1000,5,40,1,0.903945876478351,0.982
"638",10000,1,40,1,0.359395620546872,0.969
"639",10000,2,40,1,0.358255030939725,0.981
"640",10000,5,40,1,0.337263619363744,0.986
"641",1e+05,1,40,1,0.337040453275064,0.903
"642",1e+05,2,40,1,0.336181810244642,0.921
"643",1e+05,5,40,1,0.334919510384291,0.923
"644",20000,1,40,1,0.391987868297144,0.944
"645",20000,2,40,1,0.385689015949905,0.948
"646",20000,5,40,1,0.385522547777811,0.951
"647",50000,1,40,1,0.318991633631012,0.89
"648",50000,2,40,1,0.296433046258366,0.916
"649",50000,5,40,1,0.292964104093149,0.903
"650",100,1,41,1,1.41008163737416,0.994
"651",100,2,41,1,1.39162524878452,0.993
"652",100,5,41,1,1.40100337352154,0.996
"653",1000,1,41,1,0.754195993158132,0.98
"654",1000,2,41,1,0.75116201909556,0.98
"655",1000,5,41,1,0.751564404211306,0.982
"656",10000,1,41,1,0.433581425245708,0.958
"657",10000,2,41,1,0.400660702194224,0.968
"658",10000,5,41,1,0.395786016663747,0.978
"659",1e+05,1,41,1,0.242230689414592,0.923
"660",1e+05,2,41,1,0.245389442654232,0.928
"661",1e+05,5,41,1,0.237150573877403,0.966
"662",20000,1,41,1,0.343702566604607,0.95
"663",20000,2,41,1,0.34230369286815,0.962
"664",20000,5,41,1,0.331794194438134,0.975
"665",50000,1,41,1,0.308307199770799,0.922
"666",50000,2,41,1,0.311466071366456,0.931
"667",50000,5,41,1,0.316871462715467,0.936
"668",100,1,42,1,1.26334729581024,0.993
"669",100,2,42,1,1.31519473354052,0.994
"670",100,5,42,1,1.27574707435617,0.992
"671",1000,1,42,1,0.851994992264895,0.983
"672",1000,2,42,1,0.851553091538563,0.98
"673",1000,5,42,1,0.860154637785032,0.975
"674",10000,1,42,1,0.38198192540394,0.979
"675",10000,2,42,1,0.398469958985433,0.976
"676",10000,5,42,1,0.390478391614313,0.975
"677",1e+05,1,42,1,0.326854755313237,0.908
"678",1e+05,2,42,1,0.32754324683297,0.922
"679",1e+05,5,42,1,0.322003259473485,0.927
"680",20000,1,42,1,0.303592064345531,0.971
"681",20000,2,42,1,0.309238602467776,0.977
"682",20000,5,42,1,0.265413485366615,0.986
"683",50000,1,42,1,0.263971433124863,0.947
"684",50000,2,42,1,0.252174986436199,0.96
"685",50000,5,42,1,0.248577394169715,0.967
"686",100,1,43,1,1.25550653490201,0.99
"687",100,2,43,1,1.26030028034225,0.988
"688",100,5,43,1,1.26174565886889,0.987
"689",1000,1,43,1,0.815434886646058,0.974
"690",1000,2,43,1,0.805516415675984,0.978
"691",1000,5,43,1,0.802067880675629,0.982
"692",10000,1,43,1,0.520632670920405,0.928
"693",10000,2,43,1,0.495753291595007,0.939
"694",10000,5,43,1,0.478021099091729,0.946
"695",1e+05,1,43,1,0.338729879294938,0.905
"696",1e+05,2,43,1,0.329706198048881,0.934
"697",1e+05,5,43,1,0.326286567890358,0.936
"698",20000,1,43,1,0.385066682817026,0.929
"699",20000,2,43,1,0.381172747758442,0.94
"700",20000,5,43,1,0.363406012846724,0.961
"701",50000,1,43,1,0.309309355156895,0.935
"702",50000,2,43,1,0.303597660877657,0.952
"703",50000,5,43,1,0.302095957833111,0.963
"704",100,1,44,1,1.3562806916195,0.985
"705",100,2,44,1,1.36277194214536,0.986
"706",100,5,44,1,1.35285851905595,0.984
"707",1000,1,44,1,0.917255295349047,0.986
"708",1000,2,44,1,0.879782297392871,0.987
"709",1000,5,44,1,0.881720994130215,0.985
"710",10000,1,44,1,0.459728558779734,0.935
"711",10000,2,44,1,0.450473768308107,0.947
"712",10000,5,44,1,0.444981487318388,0.962
"713",1e+05,1,44,1,0.254310312352469,0.93
"714",1e+05,2,44,1,0.266758584446629,0.919
"715",1e+05,5,44,1,0.272871370337781,0.933
"716",20000,1,44,1,0.424592201133712,0.914
"717",20000,2,44,1,0.392057003050043,0.917
"718",20000,5,44,1,0.389138389511846,0.938
"719",50000,1,44,1,0.353958080770977,0.945
"720",50000,2,44,1,0.357402763927708,0.943
"721",50000,5,44,1,0.343802386663358,0.956
"722",100,1,45,1,1.14522228493517,0.982
"723",100,2,45,1,1.16375526509291,0.98
"724",100,5,45,1,1.14921596151391,0.982
"725",1000,1,45,1,0.888724518290325,0.958
"726",1000,2,45,1,0.879768769560777,0.965
"727",1000,5,45,1,0.867957801100969,0.964
"728",10000,1,45,1,0.38560525570176,0.957
"729",10000,2,45,1,0.403853648859008,0.954
"730",10000,5,45,1,0.376618960193785,0.969
"731",1e+05,1,45,1,0.351342334767338,0.905
"732",1e+05,2,45,1,0.335247977904896,0.935
"733",1e+05,5,45,1,0.325415942251624,0.942
"734",20000,1,45,1,0.429306194653765,0.924
"735",20000,2,45,1,0.401693678236648,0.941
"736",20000,5,45,1,0.388070638770914,0.949
"737",50000,1,45,1,0.309805616993942,0.952
"738",50000,2,45,1,0.30364291954538,0.95
"739",50000,5,45,1,0.302155099799935,0.949
"740",100,1,46,1,1.27400244947268,0.995
"741",100,2,46,1,1.26842071705018,0.995
"742",100,5,46,1,1.27523132855518,0.994
"743",1000,1,46,1,0.787803269424314,0.993
"744",1000,2,46,1,0.798152600835154,0.99
"745",1000,5,46,1,0.78358173024989,0.99
"746",10000,1,46,1,0.414965163302747,0.954
"747",10000,2,46,1,0.42014948499202,0.952
"748",10000,5,46,1,0.410902211364835,0.959
"749",1e+05,1,46,1,0.263245194680734,0.9
"750",1e+05,2,46,1,0.25918669612131,0.912
"751",1e+05,5,46,1,0.257159841967824,0.933
"752",20000,1,46,1,0.325568811103641,0.958
"753",20000,2,46,1,0.312107607204139,0.974
"754",20000,5,46,1,0.301804813886317,0.975
"755",50000,1,46,1,0.343606696333926,0.916
"756",50000,2,46,1,0.34208164019216,0.936
"757",50000,5,46,1,0.329022042540539,0.946
"758",100,1,47,1,1.53053123269865,0.945
"759",100,2,47,1,1.54357939586631,0.946
"760",100,5,47,1,1.54555871847682,0.941
"761",1000,1,47,1,0.954884262579016,0.954
"762",1000,2,47,1,0.96529638147837,0.949
"763",1000,5,47,1,0.928349099902333,0.954
"764",10000,1,47,1,0.492183975073268,0.935
"765",10000,2,47,1,0.47417982720505,0.946
"766",10000,5,47,1,0.465489477155257,0.954
"767",1e+05,1,47,1,0.353751084925585,0.895
"768",1e+05,2,47,1,0.341478725069322,0.908
"769",1e+05,5,47,1,0.330956463721028,0.92
"770",20000,1,47,1,0.39548075550535,0.935
"771",20000,2,47,1,0.368496074275423,0.95
"772",20000,5,47,1,0.363698324837043,0.96
"773",50000,1,47,1,0.294317010903593,0.921
"774",50000,2,47,1,0.297539980552817,0.925
"775",50000,5,47,1,0.291270534407378,0.938
"776",100,1,48,1,1.16037317305608,0.959
"777",100,2,48,1,1.17384518094382,0.956
"778",100,5,48,1,1.18051225615285,0.946
"779",1000,1,48,1,0.794905344182204,0.978
"780",1000,2,48,1,0.773015170350295,0.98
"781",1000,5,48,1,0.79952493705313,0.981
"782",10000,1,48,1,0.46052483717918,0.953
"783",10000,2,48,1,0.458775795192937,0.96
"784",10000,5,48,1,0.43579962951376,0.967
"785",1e+05,1,48,1,0.19175476374988,0.936
"786",1e+05,2,48,1,0.174730619424305,0.969
"787",1e+05,5,48,1,0.172300451686662,0.972
"788",20000,1,48,1,0.401011152006143,0.919
"789",20000,2,48,1,0.391070615082747,0.944
"790",20000,5,48,1,0.377635281005634,0.951
"791",50000,1,48,1,0.294324163661408,0.912
"792",50000,2,48,1,0.278683782966974,0.926
"793",50000,5,48,1,0.280711553438278,0.95
"794",100,1,49,1,1.1753067236792,0.998
"795",100,2,49,1,1.18744772323005,0.998
"796",100,5,49,1,1.15753840953851,0.998
"797",1000,1,49,1,1.00103820334161,0.969
"798",1000,2,49,1,0.985064404944323,0.972
"799",1000,5,49,1,0.996549707095411,0.973
"800",10000,1,49,1,0.411275102682094,0.962
"801",10000,2,49,1,0.391171899389044,0.969
"802",10000,5,49,1,0.382137860162514,0.973
"803",1e+05,1,49,1,0.33250748877831,0.895
"804",1e+05,2,49,1,0.306297046336347,0.933
"805",1e+05,5,49,1,0.303153493242982,0.938
"806",20000,1,49,1,0.323986600331814,0.951
"807",20000,2,49,1,0.320916412054773,0.956
"808",20000,5,49,1,0.317818270241391,0.965
"809",50000,1,49,1,0.237656390567968,0.965
"810",50000,2,49,1,0.221447026963916,0.98
"811",50000,5,49,1,0.230561711307805,0.98
"812",100,1,5,1,1.24172519323446,0.993
"813",100,2,5,1,1.27209897517207,0.99
"814",100,5,5,1,1.24639938465586,0.993
"815",1000,1,5,1,0.781127038797286,0.988
"816",1000,2,5,1,0.778300507642606,0.989
"817",1000,5,5,1,0.770070715889351,0.988
"818",10000,1,5,1,0.40144834740393,0.973
"819",10000,2,5,1,0.392002542230444,0.978
"820",10000,5,5,1,0.400593296313908,0.981
"821",1e+05,1,5,1,0.321498658585255,0.893
"822",1e+05,2,5,1,0.307976223239716,0.927
"823",1e+05,5,5,1,0.301857464370181,0.935
"824",20000,1,5,1,0.37604935640577,0.922
"825",20000,2,5,1,0.3603901555587,0.942
"826",20000,5,5,1,0.35585272013377,0.955
"827",50000,1,5,1,0.363263377885836,0.874
"828",50000,2,5,1,0.343479891970102,0.92
"829",50000,5,5,1,0.325896749655294,0.929
"830",100,1,50,1,1.31913549482914,0.986
"831",100,2,50,1,1.30286557235883,0.988
"832",100,5,50,1,1.32889154085771,0.987
"833",1000,1,50,1,0.961584127410514,0.969
"834",1000,2,50,1,0.950831006560845,0.976
"835",1000,5,50,1,0.962384918548279,0.971
"836",10000,1,50,1,0.499303969675756,0.93
"837",10000,2,50,1,0.49735417915977,0.934
"838",10000,5,50,1,0.477669374911689,0.942
"839",1e+05,1,50,1,0.313908608451216,0.897
"840",1e+05,2,50,1,0.319089355142814,0.919
"841",1e+05,5,50,1,0.314201946047418,0.927
"842",20000,1,50,1,0.384855563904183,0.934
"843",20000,2,50,1,0.376158013528919,0.949
"844",20000,5,50,1,0.380846966204625,0.953
"845",50000,1,50,1,0.359303536769743,0.901
"846",50000,2,50,1,0.354643913407407,0.904
"847",50000,5,50,1,0.344847504930878,0.924
"848",100,1,51,1,1.2391607700753,0.983
"849",100,2,51,1,1.24313814065934,0.985
"850",100,5,51,1,1.24380808981612,0.983
"851",1000,1,51,1,0.795258292318623,0.979
"852",1000,2,51,1,0.811224653382792,0.977
"853",1000,5,51,1,0.813338928141795,0.981
"854",10000,1,51,1,0.401839202407358,0.952
"855",10000,2,51,1,0.383642572305554,0.965
"856",10000,5,51,1,0.374243495582712,0.966
"857",1e+05,1,51,1,0.230643678412659,0.939
"858",1e+05,2,51,1,0.237113837254471,0.94
"859",1e+05,5,51,1,0.205339319006566,0.971
"860",20000,1,51,1,0.382041537760521,0.937
"861",20000,2,51,1,0.38687635473268,0.925
"862",20000,5,51,1,0.392605597290491,0.941
"863",50000,1,51,1,0.349097471791165,0.933
"864",50000,2,51,1,0.3371845688617,0.957
"865",50000,5,51,1,0.339149550310326,0.955
"866",100,1,52,1,1.37514957594977,0.948
"867",100,2,52,1,1.37988826709997,0.948
"868",100,5,52,1,1.38036839312416,0.948
"869",1000,1,52,1,0.843370979231746,0.967
"870",1000,2,52,1,0.829757795616704,0.977
"871",1000,5,52,1,0.835363742467352,0.972
"872",10000,1,52,1,0.35326043523219,0.974
"873",10000,2,52,1,0.361697007483963,0.971
"874",10000,5,52,1,0.326801639223522,0.99
"875",1e+05,1,52,1,0.391924551561977,0.904
"876",1e+05,2,52,1,0.385744706948014,0.905
"877",1e+05,5,52,1,0.382170113030026,0.916
"878",20000,1,52,1,0.255396526182887,0.973
"879",20000,2,52,1,0.277155217463585,0.968
"880",20000,5,52,1,0.270462994957149,0.982
"881",50000,1,52,1,0.318992987227449,0.93
"882",50000,2,52,1,0.323146014106908,0.948
"883",50000,5,52,1,0.325059785138325,0.938
"884",100,1,53,1,1.42846814992579,0.976
"885",100,2,53,1,1.42408390310508,0.977
"886",100,5,53,1,1.43405775604747,0.98
"887",1000,1,53,1,0.830787441638114,0.981
"888",1000,2,53,1,0.817014624805152,0.982
"889",1000,5,53,1,0.798732292968496,0.991
"890",10000,1,53,1,0.517750537117133,0.919
"891",10000,2,53,1,0.466946277945202,0.95
"892",10000,5,53,1,0.452917821876468,0.958
"893",1e+05,1,53,1,0.324115328247818,0.937
"894",1e+05,2,53,1,0.329936795780713,0.932
"895",1e+05,5,53,1,0.325767596160514,0.934
"896",20000,1,53,1,0.390251154974203,0.924
"897",20000,2,53,1,0.424660562522842,0.924
"898",20000,5,53,1,0.41785664426711,0.925
"899",50000,1,53,1,0.223776704270399,0.954
"900",50000,2,53,1,0.187533460722569,0.975
"901",50000,5,53,1,0.182986039046044,0.978
"902",100,1,54,1,1.14742597955049,0.995
"903",100,2,54,1,1.14309050634744,0.997
"904",100,5,54,1,1.14628899822086,0.992
"905",1000,1,54,1,0.897527490684237,0.98
"906",1000,2,54,1,0.888092913165672,0.981
"907",1000,5,54,1,0.893671307777094,0.978
"908",10000,1,54,1,0.354528771241796,0.976
"909",10000,2,54,1,0.320536632323897,0.982
"910",10000,5,54,1,0.329055449020821,0.986
"911",1e+05,1,54,1,0.211345960376009,0.933
"912",1e+05,2,54,1,0.219501847502662,0.943
"913",1e+05,5,54,1,0.209349279844291,0.964
"914",20000,1,54,1,0.366811378353727,0.945
"915",20000,2,54,1,0.352091321915142,0.964
"916",20000,5,54,1,0.337153829963629,0.959
"917",50000,1,54,1,0.297162900767812,0.906
"918",50000,2,54,1,0.270953476344748,0.922
"919",50000,5,54,1,0.264637436686904,0.947
"920",100,1,55,1,1.29012007056354,0.989
"921",100,2,55,1,1.26109951471475,0.992
"922",100,5,55,1,1.3022067289252,0.988
"923",1000,1,55,1,0.863171040811093,0.977
"924",1000,2,55,1,0.836215817794771,0.981
"925",1000,5,55,1,0.864694828339446,0.977
"926",10000,1,55,1,0.511237809862133,0.915
"927",10000,2,55,1,0.539036194842151,0.905
"928",10000,5,55,1,0.513210154287984,0.927
"929",1e+05,1,55,1,0.315114276891781,0.897
"930",1e+05,2,55,1,0.309411100207486,0.916
"931",1e+05,5,55,1,0.303618428887689,0.923
"932",20000,1,55,1,0.397258966666455,0.959
"933",20000,2,55,1,0.396951161249942,0.952
"934",20000,5,55,1,0.381511449093775,0.969
"935",50000,1,55,1,0.335272679455843,0.93
"936",50000,2,55,1,0.333443842810505,0.939
"937",50000,5,55,1,0.340460489461945,0.939
"938",100,1,56,1,1.47808528689485,0.97
"939",100,2,56,1,1.4838139839439,0.975
"940",100,5,56,1,1.48760072763444,0.968
"941",1000,1,56,1,0.878311774866341,0.976
"942",1000,2,56,1,0.881249502355913,0.978
"943",1000,5,56,1,0.860499748262503,0.98
"944",10000,1,56,1,0.469846438065169,0.93
"945",10000,2,56,1,0.446952824418882,0.947
"946",10000,5,56,1,0.442064784204929,0.951
"947",1e+05,1,56,1,0.318937775484641,0.901
"948",1e+05,2,56,1,0.3153100245282,0.905
"949",1e+05,5,56,1,0.308977609055617,0.918
"950",20000,1,56,1,0.400871434920688,0.932
"951",20000,2,56,1,0.399508754007124,0.945
"952",20000,5,56,1,0.397602104826658,0.946
"953",50000,1,56,1,0.326921819534511,0.88
"954",50000,2,56,1,0.315801501691708,0.907
"955",50000,5,56,1,0.308785976704914,0.925
"956",100,1,57,1,1.5454413445559,0.995
"957",100,2,57,1,1.53093331355093,0.994
"958",100,5,57,1,1.53999733967481,0.994
"959",1000,1,57,1,0.83930597735409,0.971
"960",1000,2,57,1,0.853038183843985,0.969
"961",1000,5,57,1,0.845797108686828,0.968
"962",10000,1,57,1,0.396743368969161,0.959
"963",10000,2,57,1,0.389958794286687,0.96
"964",10000,5,57,1,0.383508833700739,0.966
"965",1e+05,1,57,1,0.215615113345323,0.895
"966",1e+05,2,57,1,0.211209942585649,0.945
"967",1e+05,5,57,1,0.204147863832043,0.951
"968",20000,1,57,1,0.307229175559402,0.965
"969",20000,2,57,1,0.310923433962807,0.962
"970",20000,5,57,1,0.305001022997902,0.973
"971",50000,1,57,1,0.352836758068735,0.933
"972",50000,2,57,1,0.357714520481504,0.925
"973",50000,5,57,1,0.344955792899619,0.941
"974",100,1,58,1,1.28367949179381,0.972
"975",100,2,58,1,1.28303999705381,0.968
"976",100,5,58,1,1.292975414784,0.969
"977",1000,1,58,1,0.780208968690768,0.984
"978",1000,2,58,1,0.774745671751652,0.987
"979",1000,5,58,1,0.760092857619958,0.987
"980",10000,1,58,1,0.365529314815004,0.981
"981",10000,2,58,1,0.385356693860738,0.98
"982",10000,5,58,1,0.382738676111918,0.984
"983",1e+05,1,58,1,0.331392795759398,0.852
"984",1e+05,2,58,1,0.310688947182799,0.948
"985",1e+05,5,58,1,0.304428766304158,0.947
"986",20000,1,58,1,0.351822733974275,0.945
"987",20000,2,58,1,0.355194760579273,0.953
"988",20000,5,58,1,0.353937926410531,0.96
"989",50000,1,58,1,0.318963590886583,0.879
"990",50000,2,58,1,0.301949637641123,0.91
"991",50000,5,58,1,0.302704264346727,0.939
"992",100,1,59,1,1.36526568374244,0.967
"993",100,2,59,1,1.35221419717642,0.962
"994",100,5,59,1,1.3400113051317,0.961
"995",1000,1,59,1,0.78631899823198,0.978
"996",1000,2,59,1,0.799536738995215,0.982
"997",1000,5,59,1,0.788330256650913,0.979
"998",10000,1,59,1,0.418423984506908,0.969
"999",10000,2,59,1,0.366081844143478,0.979
"1000",10000,5,59,1,0.394806471718839,0.981
"1001",1e+05,1,59,1,0.268845908070492,0.895
"1002",1e+05,2,59,1,0.265449858691137,0.933
"1003",1e+05,5,59,1,0.264425563639571,0.947
"1004",20000,1,59,1,0.292009852670234,0.942
"1005",20000,2,59,1,0.274230708328637,0.978
"1006",20000,5,59,1,0.263595396513521,0.986
"1007",50000,1,59,1,0.335621317191534,0.913
"1008",50000,2,59,1,0.320884256272177,0.951
"1009",50000,5,59,1,0.320762334133242,0.955
"1010",100,1,6,1,1.18807761746623,0.983
"1011",100,2,6,1,1.19413930841998,0.983
"1012",100,5,6,1,1.18163952833629,0.983
"1013",1000,1,6,1,0.845654295691897,0.973
"1014",1000,2,6,1,0.820454369707877,0.975
"1015",1000,5,6,1,0.826084023830221,0.973
"1016",10000,1,6,1,0.465065406866879,0.954
"1017",10000,2,6,1,0.399891732195601,0.976
"1018",10000,5,6,1,0.415065165352461,0.973
"1019",1e+05,1,6,1,0.173836359804193,0.932
"1020",1e+05,2,6,1,0.201065541154823,0.953
"1021",1e+05,5,6,1,0.179160131517907,0.966
"1022",20000,1,6,1,0.358868476639905,0.946
"1023",20000,2,6,1,0.357221210314678,0.951
"1024",20000,5,6,1,0.357791043562223,0.957
"1025",50000,1,6,1,0.38782098273634,0.926
"1026",50000,2,6,1,0.384524427024522,0.93
"1027",50000,5,6,1,0.373614770157384,0.938
"1028",100,1,60,1,1.25792258199536,0.992
"1029",100,2,60,1,1.26298156418422,0.99
"1030",100,5,60,1,1.25616182804002,0.993
"1031",1000,1,60,1,0.860284290486548,0.978
"1032",1000,2,60,1,0.889921046418132,0.975
"1033",1000,5,60,1,0.86551042933405,0.975
"1034",10000,1,60,1,0.330397080604582,0.978
"1035",10000,2,60,1,0.326714098785766,0.984
"1036",10000,5,60,1,0.319990774902117,0.984
"1037",1e+05,1,60,1,0.39729089219553,0.893
"1038",1e+05,2,60,1,0.391383012038054,0.906
"1039",1e+05,5,60,1,0.388279582213033,0.912
"1040",20000,1,60,1,0.300019635757367,0.958
"1041",20000,2,60,1,0.272342509009785,0.986
"1042",20000,5,60,1,0.271860295164168,0.991
"1043",50000,1,60,1,0.375090549385424,0.931
"1044",50000,2,60,1,0.375160709635442,0.929
"1045",50000,5,60,1,0.369498629893293,0.941
"1046",100,1,61,1,1.47647024083064,0.977
"1047",100,2,61,1,1.46700945607555,0.979
"1048",100,5,61,1,1.46096198309623,0.977
"1049",1000,1,61,1,0.820789683355105,0.984
"1050",1000,2,61,1,0.822215838344581,0.987
"1051",1000,5,61,1,0.800706820623195,0.988
"1052",10000,1,61,1,0.403919083009779,0.977
"1053",10000,2,61,1,0.404957898170921,0.98
"1054",10000,5,61,1,0.384489752357304,0.988
"1055",1e+05,1,61,1,0.33929784349577,0.933
"1056",1e+05,2,61,1,0.340568101205661,0.93
"1057",1e+05,5,61,1,0.335138368669348,0.937
"1058",20000,1,61,1,0.33558079451981,0.946
"1059",20000,2,61,1,0.332199862124099,0.959
"1060",20000,5,61,1,0.319800551495336,0.966
"1061",50000,1,61,1,0.303461882360885,0.879
"1062",50000,2,61,1,0.273260295516967,0.948
"1063",50000,5,61,1,0.270133749285422,0.966
"1064",100,1,62,1,1.28696800947445,0.97
"1065",100,2,62,1,1.29641420071947,0.971
"1066",100,5,62,1,1.29795027101315,0.967
"1067",1000,1,62,1,0.899138514978998,0.974
"1068",1000,2,62,1,0.902667198054208,0.976
"1069",1000,5,62,1,0.889528898779166,0.978
"1070",10000,1,62,1,0.461263686495553,0.953
"1071",10000,2,62,1,0.413286695809024,0.972
"1072",10000,5,62,1,0.423681819247994,0.977
"1073",1e+05,1,62,1,0.343904186004037,0.909
"1074",1e+05,2,62,1,0.345454687590868,0.916
"1075",1e+05,5,62,1,0.34305639568161,0.937
"1076",20000,1,62,1,0.322990931981895,0.968
"1077",20000,2,62,1,0.323540187433782,0.968
"1078",20000,5,62,1,0.321515651040295,0.972
"1079",50000,1,62,1,0.353072691075631,0.923
"1080",50000,2,62,1,0.366893363342463,0.916
"1081",50000,5,62,1,0.349074736796142,0.939
"1082",100,1,63,1,1.14679560146947,0.993
"1083",100,2,63,1,1.14950215506224,0.995
"1084",100,5,63,1,1.14907353118925,0.995
"1085",1000,1,63,1,0.763759952182316,0.989
"1086",1000,2,63,1,0.741516706134766,0.989
"1087",1000,5,63,1,0.754421205216,0.989
"1088",10000,1,63,1,0.399608464185348,0.971
"1089",10000,2,63,1,0.411729177794724,0.959
"1090",10000,5,63,1,0.391676822662309,0.973
"1091",1e+05,1,63,1,0.279089988610033,0.941
"1092",1e+05,2,63,1,0.281495513638651,0.944
"1093",1e+05,5,63,1,0.275404098501871,0.955
"1094",20000,1,63,1,0.368354379049747,0.936
"1095",20000,2,63,1,0.37033927297367,0.939
"1096",20000,5,63,1,0.37418794274706,0.948
"1097",50000,1,63,1,0.280211582897285,0.91
"1098",50000,2,63,1,0.260876250529618,0.955
"1099",50000,5,63,1,0.252603253972976,0.966
"1100",100,1,64,1,1.30130437975452,0.984
"1101",100,2,64,1,1.29564292917503,0.982
"1102",100,5,64,1,1.29774559272744,0.986
"1103",1000,1,64,1,0.887802146959513,0.965
"1104",1000,2,64,1,0.887014338191565,0.972
"1105",1000,5,64,1,0.88281510871467,0.973
"1106",10000,1,64,1,0.4278105694253,0.962
"1107",10000,2,64,1,0.430851591066935,0.968
"1108",10000,5,64,1,0.439430504779296,0.964
"1109",1e+05,1,64,1,0.336967485174479,0.915
"1110",1e+05,2,64,1,0.331907393638786,0.927
"1111",1e+05,5,64,1,0.32829612947858,0.925
"1112",20000,1,64,1,0.366461265258542,0.947
"1113",20000,2,64,1,0.359195852700176,0.956
"1114",20000,5,64,1,0.361984486517443,0.952
"1115",50000,1,64,1,0.306672123522948,0.926
"1116",50000,2,64,1,0.311740654349407,0.943
"1117",50000,5,64,1,0.30554430664859,0.948
"1118",100,1,65,1,1.15958429957734,0.988
"1119",100,2,65,1,1.14625600791789,0.987
"1120",100,5,65,1,1.14895672393952,0.986
"1121",1000,1,65,1,0.934105538324574,0.976
"1122",1000,2,65,1,0.886619391008878,0.978
"1123",1000,5,65,1,0.92721441342743,0.973
"1124",10000,1,65,1,0.426856455382924,0.95
"1125",10000,2,65,1,0.431459816223363,0.968
"1126",10000,5,65,1,0.408969823938971,0.969
"1127",1e+05,1,65,1,0.217628399079745,0.896
"1128",1e+05,2,65,1,0.22335314650178,0.898
"1129",1e+05,5,65,1,0.213120974282755,0.909
"1130",20000,1,65,1,0.286753846824806,0.955
"1131",20000,2,65,1,0.2920332066059,0.96
"1132",20000,5,65,1,0.267123591242608,0.979
"1133",50000,1,65,1,0.219454161593353,0.922
"1134",50000,2,65,1,0.2177024997006,0.948
"1135",50000,5,65,1,0.207582723989598,0.956
"1136",100,1,66,1,1.23847807431003,0.989
"1137",100,2,66,1,1.24253584262984,0.989
"1138",100,5,66,1,1.25961325424665,0.987
"1139",1000,1,66,1,0.843729916200204,0.98
"1140",1000,2,66,1,0.833285615145235,0.981
"1141",1000,5,66,1,0.820611043875543,0.983
"1142",10000,1,66,1,0.413890366124923,0.956
"1143",10000,2,66,1,0.406662921504361,0.958
"1144",10000,5,66,1,0.412505061752931,0.964
"1145",1e+05,1,66,1,0.317092394553624,0.871
"1146",1e+05,2,66,1,0.322529671087296,0.88
"1147",1e+05,5,66,1,0.323176101143391,0.893
"1148",20000,1,66,1,0.365168591033925,0.937
"1149",20000,2,66,1,0.375499203490322,0.938
"1150",20000,5,66,1,0.354692711136924,0.949
"1151",50000,1,66,1,0.35654962771324,0.927
"1152",50000,2,66,1,0.344152905663634,0.947
"1153",50000,5,66,1,0.34535072598763,0.954
"1154",100,1,67,1,1.47383919131978,0.942
"1155",100,2,67,1,1.47779117638404,0.94
"1156",100,5,67,1,1.48306543678094,0.939
"1157",1000,1,67,1,0.824782313052981,0.969
"1158",1000,2,67,1,0.825438863107377,0.975
"1159",1000,5,67,1,0.836543382434885,0.972
"1160",10000,1,67,1,0.478040450193627,0.937
"1161",10000,2,67,1,0.478463128377426,0.952
"1162",10000,5,67,1,0.464812855295193,0.955
"1163",1e+05,1,67,1,0.30470707134386,0.917
"1164",1e+05,2,67,1,0.294420756251806,0.941
"1165",1e+05,5,67,1,0.298117449736141,0.95
"1166",20000,1,67,1,0.455191192161182,0.895
"1167",20000,2,67,1,0.418813027335578,0.935
"1168",20000,5,67,1,0.423037816630966,0.93
"1169",50000,1,67,1,0.346193933137984,0.896
"1170",50000,2,67,1,0.342166916637667,0.919
"1171",50000,5,67,1,0.359633748071722,0.932
"1172",100,1,68,1,1.404696804407,0.985
"1173",100,2,68,1,1.41132343592139,0.984
"1174",100,5,68,1,1.39020561174597,0.987
"1175",1000,1,68,1,0.948938886196174,0.972
"1176",1000,2,68,1,0.931468118026891,0.97
"1177",1000,5,68,1,0.955198214566816,0.97
"1178",10000,1,68,1,0.419153797141833,0.973
"1179",10000,2,68,1,0.409855463942899,0.962
"1180",10000,5,68,1,0.377343692393706,0.983
"1181",1e+05,1,68,1,0.314857083606995,0.925
"1182",1e+05,2,68,1,0.288276864133863,0.945
"1183",1e+05,5,68,1,0.289433903901381,0.947
"1184",20000,1,68,1,0.383537120787423,0.929
"1185",20000,2,68,1,0.364137957912469,0.955
"1186",20000,5,68,1,0.341272735174005,0.964
"1187",50000,1,68,1,0.299137320125095,0.912
"1188",50000,2,68,1,0.299559254466506,0.945
"1189",50000,5,68,1,0.295366657901341,0.95
"1190",100,1,69,1,1.64300755266997,0.946
"1191",100,2,69,1,1.66005978754856,0.944
"1192",100,5,69,1,1.67414773433073,0.937
"1193",1000,1,69,1,0.885853239777298,0.979
"1194",1000,2,69,1,0.877483201328377,0.984
"1195",1000,5,69,1,0.88822658851843,0.983
"1196",10000,1,69,1,0.45019444066327,0.948
"1197",10000,2,69,1,0.448349671702566,0.96
"1198",10000,5,69,1,0.449948822183637,0.963
"1199",1e+05,1,69,1,0.359550554269915,0.917
"1200",1e+05,2,69,1,0.349464106862066,0.93
"1201",1e+05,5,69,1,0.35018482345805,0.929
"1202",20000,1,69,1,0.358107763904747,0.941
"1203",20000,2,69,1,0.3740093601509,0.933
"1204",20000,5,69,1,0.36766342077543,0.94
"1205",50000,1,69,1,0.311804323018871,0.929
"1206",50000,2,69,1,0.311739573512284,0.94
"1207",50000,5,69,1,0.313684609815418,0.951
"1208",100,1,7,1,1.39983122009585,0.977
"1209",100,2,7,1,1.39552010170897,0.974
"1210",100,5,7,1,1.38333913589077,0.978
"1211",1000,1,7,1,0.908025091621101,0.965
"1212",1000,2,7,1,0.925282850153811,0.958
"1213",1000,5,7,1,0.905265131339967,0.968
"1214",10000,1,7,1,0.371721200211598,0.966
"1215",10000,2,7,1,0.374132892239731,0.969
"1216",10000,5,7,1,0.384167524604494,0.965
"1217",1e+05,1,7,1,0.217076425349315,0.927
"1218",1e+05,2,7,1,0.204570716495081,0.939
"1219",1e+05,5,7,1,0.207950143361474,0.944
"1220",20000,1,7,1,0.359839745161003,0.95
"1221",20000,2,7,1,0.352100672036293,0.956
"1222",20000,5,7,1,0.337167774066604,0.972
"1223",50000,1,7,1,0.35060376549007,0.915
"1224",50000,2,7,1,0.343806378005577,0.93
"1225",50000,5,7,1,0.334691901141461,0.945
"1226",100,1,70,1,1.24262453397818,0.995
"1227",100,2,70,1,1.21625412139162,0.993
"1228",100,5,70,1,1.22864630199307,0.995
"1229",1000,1,70,1,0.838478189589279,0.976
"1230",1000,2,70,1,0.839694193126578,0.979
"1231",1000,5,70,1,0.840212903652415,0.98
"1232",10000,1,70,1,0.445238043467926,0.951
"1233",10000,2,70,1,0.44790683600325,0.957
"1234",10000,5,70,1,0.433938010144119,0.965
"1235",1e+05,1,70,1,0.319714943994411,0.917
"1236",1e+05,2,70,1,0.316801174039952,0.923
"1237",1e+05,5,70,1,0.319876040162723,0.93
"1238",20000,1,70,1,0.363873562599919,0.949
"1239",20000,2,70,1,0.369073887793893,0.95
"1240",20000,5,70,1,0.368946664823651,0.953
"1241",50000,1,70,1,0.300006771133298,0.911
"1242",50000,2,70,1,0.304722743516835,0.925
"1243",50000,5,70,1,0.301172880692963,0.93
"1244",100,1,71,1,1.51114348939902,0.985
"1245",100,2,71,1,1.50174163849542,0.988
"1246",100,5,71,1,1.48857433083901,0.987
"1247",1000,1,71,1,0.939560418649017,0.982
"1248",1000,2,71,1,0.913016117530871,0.984
"1249",1000,5,71,1,0.923927954859803,0.982
"1250",10000,1,71,1,0.441492331673971,0.965
"1251",10000,2,71,1,0.405173260745263,0.974
"1252",10000,5,71,1,0.412904592534045,0.977
"1253",1e+05,1,71,1,0.303108832341968,0.936
"1254",1e+05,2,71,1,0.298803617105938,0.941
"1255",1e+05,5,71,1,0.286831380058768,0.962
"1256",20000,1,71,1,0.328908935779437,0.948
"1257",20000,2,71,1,0.327994268309591,0.953
"1258",20000,5,71,1,0.334276399621738,0.96
"1259",50000,1,71,1,0.274566862489675,0.94
"1260",50000,2,71,1,0.290546725300535,0.919
"1261",50000,5,71,1,0.25458909909808,0.96
"1262",100,1,72,1,1.32582275591718,0.985
"1263",100,2,72,1,1.32629945996193,0.985
"1264",100,5,72,1,1.32915142472194,0.987
"1265",1000,1,72,1,0.886386941656989,0.986
"1266",1000,2,72,1,0.891486038331365,0.979
"1267",1000,5,72,1,0.871567411628314,0.986
"1268",10000,1,72,1,0.44681531518356,0.944
"1269",10000,2,72,1,0.443641668633723,0.959
"1270",10000,5,72,1,0.426599958433658,0.962
"1271",1e+05,1,72,1,0.299336837067583,0.929
"1272",1e+05,2,72,1,0.287593625238712,0.942
"1273",1e+05,5,72,1,0.28350376039781,0.957
"1274",20000,1,72,1,0.303258752159293,0.958
"1275",20000,2,72,1,0.289372970657144,0.971
"1276",20000,5,72,1,0.280859485790409,0.977
"1277",50000,1,72,1,0.212047451098763,0.947
"1278",50000,2,72,1,0.207358925251801,0.964
"1279",50000,5,72,1,0.210900944724414,0.965
"1280",100,1,73,1,1.19333777715447,0.995
"1281",100,2,73,1,1.18886967796139,0.996
"1282",100,5,73,1,1.18479805006905,0.996
"1283",1000,1,73,1,0.811611108533244,0.994
"1284",1000,2,73,1,0.862009811269087,0.992
"1285",1000,5,73,1,0.858699159480437,0.99
"1286",10000,1,73,1,0.402055490265322,0.956
"1287",10000,2,73,1,0.405294090485115,0.953
"1288",10000,5,73,1,0.397705740253323,0.97
"1289",1e+05,1,73,1,0.325076680695467,0.875
"1290",1e+05,2,73,1,0.324291224171787,0.893
"1291",1e+05,5,73,1,0.323105435392776,0.907
"1292",20000,1,73,1,0.36588743190072,0.934
"1293",20000,2,73,1,0.378677895796251,0.927
"1294",20000,5,73,1,0.364748402815425,0.94
"1295",50000,1,73,1,0.365083803711146,0.927
"1296",50000,2,73,1,0.362842811676339,0.95
"1297",50000,5,73,1,0.356306594004081,0.95
"1298",100,1,74,1,1.18557447926647,0.998
"1299",100,2,74,1,1.1959608624533,0.999
"1300",100,5,74,1,1.19668673316883,1
"1301",1000,1,74,1,0.806722829199767,0.985
"1302",1000,2,74,1,0.793581827477966,0.984
"1303",1000,5,74,1,0.78711378054237,0.984
"1304",10000,1,74,1,0.356320715614071,0.973
"1305",10000,2,74,1,0.361844254598024,0.974
"1306",10000,5,74,1,0.364220708223309,0.98
"1307",1e+05,1,74,1,0.334394168984915,0.921
"1308",1e+05,2,74,1,0.329682580066046,0.921
"1309",1e+05,5,74,1,0.334104814687525,0.936
"1310",20000,1,74,1,0.352143585835048,0.937
"1311",20000,2,74,1,0.335206735802598,0.956
"1312",20000,5,74,1,0.337891510092033,0.964
"1313",50000,1,74,1,0.236342036174702,0.922
"1314",50000,2,74,1,0.183915713570908,0.974
"1315",50000,5,74,1,0.196284218466545,0.973
"1316",100,1,75,1,1.43455653068804,0.989
"1317",100,2,75,1,1.43738994560562,0.991
"1318",100,5,75,1,1.44907906403826,0.989
"1319",1000,1,75,1,0.981191916702411,0.947
"1320",1000,2,75,1,0.984154033909308,0.938
"1321",1000,5,75,1,0.975548128749364,0.945
"1322",10000,1,75,1,0.457258493443962,0.937
"1323",10000,2,75,1,0.409645231984151,0.967
"1324",10000,5,75,1,0.399274806663285,0.98
"1325",1e+05,1,75,1,0.306745538099633,0.934
"1326",1e+05,2,75,1,0.302376415116069,0.94
"1327",1e+05,5,75,1,0.303243950699435,0.942
"1328",20000,1,75,1,0.31352188089011,0.943
"1329",20000,2,75,1,0.332347621540005,0.944
"1330",20000,5,75,1,0.323151164762289,0.945
"1331",50000,1,75,1,0.340485383160003,0.89
"1332",50000,2,75,1,0.335531560303688,0.915
"1333",50000,5,75,1,0.326323579621083,0.934
"1334",100,1,76,1,1.23598182142463,0.973
"1335",100,2,76,1,1.21906298098559,0.971
"1336",100,5,76,1,1.23723329623622,0.968
"1337",1000,1,76,1,0.856066810557552,0.975
"1338",1000,2,76,1,0.858292997788388,0.976
"1339",1000,5,76,1,0.856491501913691,0.976
"1340",10000,1,76,1,0.504217142402802,0.921
"1341",10000,2,76,1,0.477474800942608,0.949
"1342",10000,5,76,1,0.469037883301963,0.945
"1343",1e+05,1,76,1,0.270442965186463,0.936
"1344",1e+05,2,76,1,0.261104420779877,0.964
"1345",1e+05,5,76,1,0.260492766742422,0.961
"1346",20000,1,76,1,0.295749489257805,0.966
"1347",20000,2,76,1,0.282243197240484,0.976
"1348",20000,5,76,1,0.272923441107899,0.983
"1349",50000,1,76,1,0.34533546183996,0.893
"1350",50000,2,76,1,0.342456706348903,0.913
"1351",50000,5,76,1,0.336255259104203,0.919
"1352",100,1,77,1,1.20458990156593,0.996
"1353",100,2,77,1,1.22002938427633,0.994
"1354",100,5,77,1,1.199542088186,0.996
"1355",1000,1,77,1,0.836038805204497,0.981
"1356",1000,2,77,1,0.805962283662496,0.98
"1357",1000,5,77,1,0.836129081550574,0.974
"1358",10000,1,77,1,0.418381507658117,0.953
"1359",10000,2,77,1,0.413046121421645,0.952
"1360",10000,5,77,1,0.425010761030259,0.956
"1361",1e+05,1,77,1,0.345567373241333,0.904
"1362",1e+05,2,77,1,0.330879479594479,0.911
"1363",1e+05,5,77,1,0.332531345128686,0.934
"1364",20000,1,77,1,0.293233150115767,0.94
"1365",20000,2,77,1,0.27598578395758,0.958
"1366",20000,5,77,1,0.278428625708615,0.956
"1367",50000,1,77,1,0.358488776466186,0.901
"1368",50000,2,77,1,0.346460394740891,0.921
"1369",50000,5,77,1,0.344994310523154,0.933
"1370",100,1,78,1,1.25013021033607,0.99
"1371",100,2,78,1,1.28088459190789,0.987
"1372",100,5,78,1,1.25420559772713,0.993
"1373",1000,1,78,1,0.803536594617233,0.976
"1374",1000,2,78,1,0.807435555603951,0.978
"1375",1000,5,78,1,0.802008456797693,0.978
"1376",10000,1,78,1,0.476138831505649,0.944
"1377",10000,2,78,1,0.444268596759164,0.967
"1378",10000,5,78,1,0.424215833076167,0.967
"1379",1e+05,1,78,1,0.305032672416971,0.89
"1380",1e+05,2,78,1,0.301174426280937,0.914
"1381",1e+05,5,78,1,0.288529584150614,0.936
"1382",20000,1,78,1,0.269710459431698,0.964
"1383",20000,2,78,1,0.283687468654381,0.975
"1384",20000,5,78,1,0.265299466392351,0.979
"1385",50000,1,78,1,0.351184290086688,0.921
"1386",50000,2,78,1,0.326742462519432,0.947
"1387",50000,5,78,1,0.321996517038441,0.963
"1388",100,1,79,1,1.39088109157239,0.968
"1389",100,2,79,1,1.37964499226164,0.969
"1390",100,5,79,1,1.37898036406131,0.97
"1391",1000,1,79,1,0.772014887964778,0.978
"1392",1000,2,79,1,0.786918858837317,0.973
"1393",1000,5,79,1,0.763499681381281,0.984
"1394",10000,1,79,1,0.496718465396013,0.932
"1395",10000,2,79,1,0.479285662084265,0.949
"1396",10000,5,79,1,0.484273053083087,0.953
"1397",1e+05,1,79,1,0.304946909838548,0.887
"1398",1e+05,2,79,1,0.306060026968439,0.896
"1399",1e+05,5,79,1,0.307041400960232,0.911
"1400",20000,1,79,1,0.374560148342369,0.93
"1401",20000,2,79,1,0.374849360165883,0.937
"1402",20000,5,79,1,0.362364657533733,0.956
"1403",50000,1,79,1,0.318031097041212,0.932
"1404",50000,2,79,1,0.313914976566707,0.934
"1405",50000,5,79,1,0.310883523977483,0.941
"1406",100,1,8,1,1.30491649112306,0.993
"1407",100,2,8,1,1.30802078380296,0.995
"1408",100,5,8,1,1.30201429124875,0.994
"1409",1000,1,8,1,0.798799135409898,0.986
"1410",1000,2,8,1,0.740873597712838,0.99
"1411",1000,5,8,1,0.762488369758313,0.99
"1412",10000,1,8,1,0.419273340492883,0.967
"1413",10000,2,8,1,0.403468820968424,0.969
"1414",10000,5,8,1,0.402262565618549,0.98
"1415",1e+05,1,8,1,0.36991282218029,0.881
"1416",1e+05,2,8,1,0.361498216969285,0.922
"1417",1e+05,5,8,1,0.358758486014681,0.909
"1418",20000,1,8,1,0.427680181604053,0.919
"1419",20000,2,8,1,0.393369609504826,0.954
"1420",20000,5,8,1,0.39765417222865,0.948
"1421",50000,1,8,1,0.324074280819357,0.94
"1422",50000,2,8,1,0.322206241288137,0.946
"1423",50000,5,8,1,0.328696721856515,0.944
"1424",100,1,80,1,1.39385821254465,0.984
"1425",100,2,80,1,1.38604951317218,0.979
"1426",100,5,80,1,1.38919328968335,0.98
"1427",1000,1,80,1,0.940332693696813,0.962
"1428",1000,2,80,1,0.959478112544155,0.955
"1429",1000,5,80,1,0.94623819445066,0.963
"1430",10000,1,80,1,0.48588808049336,0.938
"1431",10000,2,80,1,0.459161149146895,0.96
"1432",10000,5,80,1,0.461393659160132,0.971
"1433",1e+05,1,80,1,0.320684124146368,0.889
"1434",1e+05,2,80,1,0.305068796923228,0.918
"1435",1e+05,5,80,1,0.300958874891661,0.945
"1436",20000,1,80,1,0.284364455245966,0.966
"1437",20000,2,80,1,0.276237831892704,0.983
"1438",20000,5,80,1,0.27261280091343,0.979
"1439",50000,1,80,1,0.251110537000555,0.932
"1440",50000,2,80,1,0.242819803028788,0.96
"1441",50000,5,80,1,0.237847522031441,0.966
"1442",100,1,81,1,1.49882158614646,0.984
"1443",100,2,81,1,1.49397576302373,0.984
"1444",100,5,81,1,1.5117137752202,0.984
"1445",1000,1,81,1,0.840576668356633,0.967
"1446",1000,2,81,1,0.832235558033808,0.964
"1447",1000,5,81,1,0.858443379720288,0.964
"1448",10000,1,81,1,0.441628494831932,0.958
"1449",10000,2,81,1,0.406030315068858,0.97
"1450",10000,5,81,1,0.402128283967918,0.977
"1451",1e+05,1,81,1,0.210170606344504,0.924
"1452",1e+05,2,81,1,0.203149357401228,0.937
"1453",1e+05,5,81,1,0.201902931231778,0.945
"1454",20000,1,81,1,0.392061832485394,0.959
"1455",20000,2,81,1,0.405819115136866,0.95
"1456",20000,5,81,1,0.379726148434073,0.958
"1457",50000,1,81,1,0.318026013419952,0.942
"1458",50000,2,81,1,0.323128540995356,0.939
"1459",50000,5,81,1,0.319654075115235,0.952
"1460",100,1,82,1,1.53904363073329,0.98
"1461",100,2,82,1,1.53901065786099,0.979
"1462",100,5,82,1,1.54170682770843,0.985
"1463",1000,1,82,1,0.964440528916709,0.966
"1464",1000,2,82,1,0.966633189267821,0.965
"1465",1000,5,82,1,0.97774923302918,0.964
"1466",10000,1,82,1,0.311585381893039,0.99
"1467",10000,2,82,1,0.332407098770204,0.984
"1468",10000,5,82,1,0.344906527103905,0.985
"1469",1e+05,1,82,1,0.314761856037729,0.918
"1470",1e+05,2,82,1,0.304862130844177,0.925
"1471",1e+05,5,82,1,0.302518870557337,0.933
"1472",20000,1,82,1,0.300821272301295,0.966
"1473",20000,2,82,1,0.3061373300123,0.961
"1474",20000,5,82,1,0.309020593429771,0.962
"1475",50000,1,82,1,0.355349668267952,0.902
"1476",50000,2,82,1,0.360295589351588,0.931
"1477",50000,5,82,1,0.352571890189035,0.932
"1478",100,1,83,1,1.13206288523075,0.996
"1479",100,2,83,1,1.125816588763,0.993
"1480",100,5,83,1,1.14385072998306,0.994
"1481",1000,1,83,1,0.807127910752953,0.981
"1482",1000,2,83,1,0.807545746781578,0.982
"1483",1000,5,83,1,0.819791568606998,0.982
"1484",10000,1,83,1,0.435688595977182,0.937
"1485",10000,2,83,1,0.441470906079522,0.932
"1486",10000,5,83,1,0.437357361926863,0.961
"1487",1e+05,1,83,1,0.194282160304825,0.965
"1488",1e+05,2,83,1,0.192724786576258,0.973
"1489",1e+05,5,83,1,0.182179228118888,0.975
"1490",20000,1,83,1,0.331340570845502,0.937
"1491",20000,2,83,1,0.32265427044784,0.955
"1492",20000,5,83,1,0.327623878290444,0.957
"1493",50000,1,83,1,0.253199979436958,0.954
"1494",50000,2,83,1,0.257287887131968,0.949
"1495",50000,5,83,1,0.259676427776411,0.961
"1496",100,1,84,1,1.55927451577086,0.956
"1497",100,2,84,1,1.55465230742617,0.962
"1498",100,5,84,1,1.57295350748505,0.955
"1499",1000,1,84,1,1.00367449037402,0.95
"1500",1000,2,84,1,0.994585512526678,0.948
"1501",1000,5,84,1,1.00152585940436,0.956
"1502",10000,1,84,1,0.342053303912603,0.978
"1503",10000,2,84,1,0.361925610305653,0.975
"1504",10000,5,84,1,0.365000556188232,0.974
"1505",1e+05,1,84,1,0.319907882830028,0.903
"1506",1e+05,2,84,1,0.304818524300634,0.919
"1507",1e+05,5,84,1,0.302889291961451,0.922
"1508",20000,1,84,1,0.416517861627008,0.939
"1509",20000,2,84,1,0.420460005786632,0.942
"1510",20000,5,84,1,0.399407911918695,0.95
"1511",50000,1,84,1,0.344148717289915,0.929
"1512",50000,2,84,1,0.338848572508266,0.94
"1513",50000,5,84,1,0.333455319584117,0.944
"1514",100,1,85,1,1.22085231549134,0.984
"1515",100,2,85,1,1.20963751068312,0.984
"1516",100,5,85,1,1.19364449973284,0.979
"1517",1000,1,85,1,0.931364245368726,0.966
"1518",1000,2,85,1,0.938709950283606,0.965
"1519",1000,5,85,1,0.930929910332971,0.964
"1520",10000,1,85,1,0.493830473498221,0.938
"1521",10000,2,85,1,0.455581854800775,0.944
"1522",10000,5,85,1,0.450192424765614,0.96
"1523",1e+05,1,85,1,0.303986860998034,0.944
"1524",1e+05,2,85,1,0.306178479388101,0.945
"1525",1e+05,5,85,1,0.307707900466184,0.95
"1526",20000,1,85,1,0.375208546058299,0.916
"1527",20000,2,85,1,0.398570377052255,0.922
"1528",20000,5,85,1,0.365283430475018,0.946
"1529",50000,1,85,1,0.320698833550251,0.905
"1530",50000,2,85,1,0.304812233046261,0.934
"1531",50000,5,85,1,0.297626404835763,0.941
"1532",100,1,86,1,1.19522924553709,0.984
"1533",100,2,86,1,1.16839864924368,0.989
"1534",100,5,86,1,1.19326477646514,0.985
"1535",1000,1,86,1,0.973808078717154,0.963
"1536",1000,2,86,1,0.96585897868502,0.968
"1537",1000,5,86,1,0.967865796298734,0.965
"1538",10000,1,86,1,0.417020521716631,0.958
"1539",10000,2,86,1,0.40525278682874,0.957
"1540",10000,5,86,1,0.41200815036244,0.961
"1541",1e+05,1,86,1,0.216807745162827,0.928
"1542",1e+05,2,86,1,0.222205789278313,0.939
"1543",1e+05,5,86,1,0.209224940074387,0.955
"1544",20000,1,86,1,0.331240765203976,0.965
"1545",20000,2,86,1,0.310275129995439,0.976
"1546",20000,5,86,1,0.323191260360176,0.973
"1547",50000,1,86,1,0.363673127844705,0.937
"1548",50000,2,86,1,0.363441571739722,0.939
"1549",50000,5,86,1,0.355918309058265,0.95
"1550",100,1,87,1,1.2366259396382,0.986
"1551",100,2,87,1,1.24012702668735,0.986
"1552",100,5,87,1,1.22583112914563,0.984
"1553",1000,1,87,1,0.890347654930676,0.957
"1554",1000,2,87,1,0.891507625467406,0.953
"1555",1000,5,87,1,0.894701072498421,0.954
"1556",10000,1,87,1,0.432962008580296,0.949
"1557",10000,2,87,1,0.436426139215135,0.947
"1558",10000,5,87,1,0.4174108314829,0.963
"1559",1e+05,1,87,1,0.332563099325604,0.885
"1560",1e+05,2,87,1,0.328329002475009,0.929
"1561",1e+05,5,87,1,0.318982440229923,0.942
"1562",20000,1,87,1,0.31637835511292,0.959
"1563",20000,2,87,1,0.295901445991866,0.986
"1564",20000,5,87,1,0.303573935480319,0.977
"1565",50000,1,87,1,0.331688507782246,0.914
"1566",50000,2,87,1,0.312973101859678,0.925
"1567",50000,5,87,1,0.311092944559964,0.93
"1568",100,1,88,1,1.61154052871681,0.966
"1569",100,2,88,1,1.62684292835389,0.968
"1570",100,5,88,1,1.63392260452569,0.965
"1571",1000,1,88,1,0.93213890689037,0.969
"1572",1000,2,88,1,0.913569092525458,0.975
"1573",1000,5,88,1,0.938545054179808,0.967
"1574",10000,1,88,1,0.418946517290765,0.952
"1575",10000,2,88,1,0.421973304773203,0.957
"1576",10000,5,88,1,0.405526989590493,0.96
"1577",1e+05,1,88,1,0.189334754115707,0.942
"1578",1e+05,2,88,1,0.21090903820712,0.958
"1579",1e+05,5,88,1,0.203759608856952,0.96
"1580",20000,1,88,1,0.366688585639924,0.938
"1581",20000,2,88,1,0.370342483859773,0.95
"1582",20000,5,88,1,0.335323385937756,0.969
"1583",50000,1,88,1,0.342968111153374,0.908
"1584",50000,2,88,1,0.342398067377868,0.929
"1585",50000,5,88,1,0.347109517173059,0.927
"1586",100,1,89,1,1.44272278727739,0.975
"1587",100,2,89,1,1.44177753561239,0.973
"1588",100,5,89,1,1.46976593711725,0.966
"1589",1000,1,89,1,0.841899193276279,0.979
"1590",1000,2,89,1,0.830349736927817,0.98
"1591",1000,5,89,1,0.827441524729312,0.977
"1592",10000,1,89,1,0.39741161273044,0.971
"1593",10000,2,89,1,0.375163792348346,0.985
"1594",10000,5,89,1,0.366053242904741,0.987
"1595",1e+05,1,89,1,0.232548248337856,0.931
"1596",1e+05,2,89,1,0.236498583665929,0.935
"1597",1e+05,5,89,1,0.232655639860268,0.942
"1598",20000,1,89,1,0.366859000445502,0.961
"1599",20000,2,89,1,0.357609269572925,0.971
"1600",20000,5,89,1,0.355680484866736,0.964
"1601",50000,1,89,1,0.341875868007763,0.899
"1602",50000,2,89,1,0.340220659986772,0.907
"1603",50000,5,89,1,0.330879934488506,0.941
"1604",100,1,9,1,1.62894410847813,0.942
"1605",100,2,9,1,1.60655185302675,0.945
"1606",100,5,9,1,1.61888428901634,0.941
"1607",1000,1,9,1,0.828906315298477,0.979
"1608",1000,2,9,1,0.852090354714816,0.976
"1609",1000,5,9,1,0.803988811013881,0.985
"1610",10000,1,9,1,0.410850065814752,0.976
"1611",10000,2,9,1,0.418961492178661,0.971
"1612",10000,5,9,1,0.418692057379795,0.97
"1613",1e+05,1,9,1,0.346753448551019,0.928
"1614",1e+05,2,9,1,0.340405021678332,0.931
"1615",1e+05,5,9,1,0.333105302871142,0.941
"1616",20000,1,9,1,0.320392437949996,0.945
"1617",20000,2,9,1,0.312094744915507,0.968
"1618",20000,5,9,1,0.299668706287035,0.981
"1619",50000,1,9,1,0.173945521926587,0.964
"1620",50000,2,9,1,0.171306335093147,0.962
"1621",50000,5,9,1,0.177007818114403,0.977
"1622",100,1,90,1,1.60168677246019,0.98
"1623",100,2,90,1,1.57980681221762,0.981
"1624",100,5,90,1,1.5874179997014,0.98
"1625",1000,1,90,1,0.986561359530218,0.964
"1626",1000,2,90,1,0.977620017365929,0.976
"1627",1000,5,90,1,0.995257419782547,0.968
"1628",10000,1,90,1,0.493082449391454,0.942
"1629",10000,2,90,1,0.479731478547026,0.955
"1630",10000,5,90,1,0.466096286745041,0.965
"1631",1e+05,1,90,1,0.297518396227636,0.83
"1632",1e+05,2,90,1,0.291621095052995,0.88
"1633",1e+05,5,90,1,0.297019213043139,0.896
"1634",20000,1,90,1,0.441157156211935,0.909
"1635",20000,2,90,1,0.421085074310339,0.928
"1636",20000,5,90,1,0.426498799824907,0.938
"1637",50000,1,90,1,0.314330080335542,0.947
"1638",50000,2,90,1,0.295948601243208,0.945
"1639",50000,5,90,1,0.292410066007127,0.947
"1640",100,1,91,1,1.71286257297096,0.948
"1641",100,2,91,1,1.69190892819012,0.951
"1642",100,5,91,1,1.70153616090675,0.951
"1643",1000,1,91,1,1.00499507687929,0.957
"1644",1000,2,91,1,1.01566135214175,0.948
"1645",1000,5,91,1,0.987920887476971,0.961
"1646",10000,1,91,1,0.429222648052298,0.94
"1647",10000,2,91,1,0.454672425623528,0.949
"1648",10000,5,91,1,0.439239790328444,0.943
"1649",1e+05,1,91,1,0.263671863820244,0.916
"1650",1e+05,2,91,1,0.247402084173209,0.952
"1651",1e+05,5,91,1,0.247875857595935,0.948
"1652",20000,1,91,1,0.324247686932004,0.958
"1653",20000,2,91,1,0.322786701871271,0.963
"1654",20000,5,91,1,0.325377360936554,0.959
"1655",50000,1,91,1,0.327722358121642,0.934
"1656",50000,2,91,1,0.343438821040758,0.935
"1657",50000,5,91,1,0.332295949231029,0.946
"1658",100,1,92,1,1.79848110803878,0.927
"1659",100,2,92,1,1.79265844272317,0.929
"1660",100,5,92,1,1.80970232841795,0.928
"1661",1000,1,92,1,0.81298256507507,0.972
"1662",1000,2,92,1,0.799830864276549,0.973
"1663",1000,5,92,1,0.781388363550996,0.98
"1664",10000,1,92,1,0.41313970916894,0.981
"1665",10000,2,92,1,0.417182856081776,0.984
"1666",10000,5,92,1,0.411635470013411,0.983
"1667",1e+05,1,92,1,0.277776311498189,0.928
"1668",1e+05,2,92,1,0.280679156620826,0.932
"1669",1e+05,5,92,1,0.281539861085067,0.933
"1670",20000,1,92,1,0.399843036551868,0.924
"1671",20000,2,92,1,0.387123361755038,0.928
"1672",20000,5,92,1,0.36673561246561,0.956
"1673",50000,1,92,1,0.343031610747038,0.936
"1674",50000,2,92,1,0.35789569672983,0.933
"1675",50000,5,92,1,0.340079923294253,0.949
"1676",100,1,93,1,1.39312005886794,0.971
"1677",100,2,93,1,1.38779035687577,0.971
"1678",100,5,93,1,1.38231893628635,0.971
"1679",1000,1,93,1,0.930039105276174,0.976
"1680",1000,2,93,1,0.898077299398997,0.978
"1681",1000,5,93,1,0.93052852230862,0.975
"1682",10000,1,93,1,0.434620657126034,0.945
"1683",10000,2,93,1,0.433599883625385,0.949
"1684",10000,5,93,1,0.440932565039503,0.944
"1685",1e+05,1,93,1,0.233686180714195,0.935
"1686",1e+05,2,93,1,0.233141443044475,0.941
"1687",1e+05,5,93,1,0.218393136897874,0.958
"1688",20000,1,93,1,0.388826431362951,0.949
"1689",20000,2,93,1,0.371146175190028,0.958
"1690",20000,5,93,1,0.366607486456209,0.964
"1691",50000,1,93,1,0.280945082777239,0.946
"1692",50000,2,93,1,0.271451335856947,0.954
"1693",50000,5,93,1,0.276742125265466,0.955
"1694",100,1,94,1,1.1219215941166,0.993
"1695",100,2,94,1,1.14986417425501,0.994
"1696",100,5,94,1,1.15781598050472,0.993
"1697",1000,1,94,1,0.900432332312294,0.969
"1698",1000,2,94,1,0.877157724359109,0.975
"1699",1000,5,94,1,0.898484263277834,0.969
"1700",10000,1,94,1,0.388903864760614,0.956
"1701",10000,2,94,1,0.376787639765,0.972
"1702",10000,5,94,1,0.377322593151395,0.964
"1703",1e+05,1,94,1,0.193639161153593,0.921
"1704",1e+05,2,94,1,0.187521830530413,0.943
"1705",1e+05,5,94,1,0.181445869252385,0.961
"1706",20000,1,94,1,0.315657098315364,0.962
"1707",20000,2,94,1,0.297108349804211,0.982
"1708",20000,5,94,1,0.310259426984393,0.984
"1709",50000,1,94,1,0.319074558546916,0.91
"1710",50000,2,94,1,0.307339365439075,0.927
"1711",50000,5,94,1,0.297286425159774,0.95
"1712",100,1,95,1,1.24323992651715,0.998
"1713",100,2,95,1,1.22191967801266,0.998
"1714",100,5,95,1,1.222700389997,0.998
"1715",1000,1,95,1,0.819912265146363,0.977
"1716",1000,2,95,1,0.826816419142167,0.975
"1717",1000,5,95,1,0.809100644527716,0.98
"1718",10000,1,95,1,0.398750089625498,0.967
"1719",10000,2,95,1,0.429554104505247,0.952
"1720",10000,5,95,1,0.414293205826573,0.965
"1721",1e+05,1,95,1,0.278966789050811,0.883
"1722",1e+05,2,95,1,0.273622893715455,0.882
"1723",1e+05,5,95,1,0.271717148727736,0.917
"1724",20000,1,95,1,0.358363284891662,0.949
"1725",20000,2,95,1,0.360820927666114,0.959
"1726",20000,5,95,1,0.342127166920034,0.971
"1727",50000,1,95,1,0.250384540791263,0.957
"1728",50000,2,95,1,0.246244269681766,0.976
"1729",50000,5,95,1,0.238982853153295,0.98
"1730",100,1,96,1,1.43148188087552,0.969
"1731",100,2,96,1,1.4562071296138,0.965
"1732",100,5,96,1,1.4763373229591,0.968
"1733",1000,1,96,1,0.778194966257975,0.989
"1734",1000,2,96,1,0.806333105160802,0.982
"1735",1000,5,96,1,0.802354908769366,0.983
"1736",10000,1,96,1,0.405046342900688,0.966
"1737",10000,2,96,1,0.404595344499912,0.966
"1738",10000,5,96,1,0.399577492921091,0.977
"1739",1e+05,1,96,1,0.246005447543238,0.943
"1740",1e+05,2,96,1,0.229052831727665,0.956
"1741",1e+05,5,96,1,0.223065614584164,0.974
"1742",20000,1,96,1,0.374209844537787,0.946
"1743",20000,2,96,1,0.388123907000065,0.943
"1744",20000,5,96,1,0.358100097752473,0.962
"1745",50000,1,96,1,0.318450245388775,0.923
"1746",50000,2,96,1,0.318687731562926,0.924
"1747",50000,5,96,1,0.318875231781549,0.936
"1748",100,1,97,1,1.44775992649619,0.99
"1749",100,2,97,1,1.4340310691092,0.991
"1750",100,5,97,1,1.44105101125898,0.991
"1751",1000,1,97,1,0.746335613677986,0.988
"1752",1000,2,97,1,0.739691590609662,0.987
"1753",1000,5,97,1,0.768372087465176,0.985
"1754",10000,1,97,1,0.459116827703322,0.93
"1755",10000,2,97,1,0.473883044395913,0.936
"1756",10000,5,97,1,0.433818317361522,0.958
"1757",1e+05,1,97,1,0.310370076243683,0.925
"1758",1e+05,2,97,1,0.3186205883212,0.915
"1759",1e+05,5,97,1,0.309314929612722,0.946
"1760",20000,1,97,1,0.38066042003359,0.934
"1761",20000,2,97,1,0.369361758217787,0.961
"1762",20000,5,97,1,0.359675627848995,0.966
"1763",50000,1,97,1,0.34613881689943,0.911
"1764",50000,2,97,1,0.344312099436013,0.901
"1765",50000,5,97,1,0.337330648488208,0.919
"1766",100,1,98,1,1.19252024311156,0.991
"1767",100,2,98,1,1.2285061933226,0.988
"1768",100,5,98,1,1.2199660533075,0.99
"1769",1000,1,98,1,0.764587098859153,0.984
"1770",1000,2,98,1,0.758675920365824,0.986
"1771",1000,5,98,1,0.761731564078413,0.984
"1772",10000,1,98,1,0.460005828423723,0.947
"1773",10000,2,98,1,0.42608908067287,0.969
"1774",10000,5,98,1,0.411304365526494,0.97
"1775",1e+05,1,98,1,0.290335591288833,0.903
"1776",1e+05,2,98,1,0.288926105292315,0.928
"1777",1e+05,5,98,1,0.290785885826975,0.931
"1778",20000,1,98,1,0.365121598671436,0.929
"1779",20000,2,98,1,0.366781379009589,0.939
"1780",20000,5,98,1,0.355272664475774,0.953
"1781",50000,1,98,1,0.331247912105984,0.91
"1782",50000,2,98,1,0.320815451610545,0.944
"1783",50000,5,98,1,0.31450240043302,0.952
"1784",100,1,99,1,1.1356960294052,0.987
"1785",100,2,99,1,1.11697367381968,0.988
"1786",100,5,99,1,1.11497423649013,0.987
"1787",1000,1,99,1,0.820424092781803,0.979
"1788",1000,2,99,1,0.824831258567399,0.981
"1789",1000,5,99,1,0.826378810483992,0.98
"1790",10000,1,99,1,0.371581576426992,0.964
"1791",10000,2,99,1,0.369630161739864,0.97
"1792",10000,5,99,1,0.36306706702268,0.977
"1793",1e+05,1,99,1,0.303857175172553,0.864
"1794",1e+05,2,99,1,0.264445895875766,0.948
"1795",1e+05,5,99,1,0.256977273585507,0.957
"1796",20000,1,99,1,0.382676602445101,0.968
"1797",20000,2,99,1,0.403373398969155,0.964
"1798",20000,5,99,1,0.393156988489527,0.974
"1799",50000,1,99,1,0.292486033862977,0.934
"1800",50000,2,99,1,0.282657730571289,0.927
"1801",50000,5,99,1,0.282868165702261,0.935
