"n","nchain","run","exp","rmse","cov"
NA,NA,NA,1,NA,NA
1,1,1,1,3.15240657808709,0.789542483660131
1,2,1,1,3.04424006430621,0.837908496732026
1,5,1,1,3.04722437850781,0.841830065359477
10,1,1,1,2.5692418545746,0.441830065359477
10,2,1,1,2.51752164421645,0.474509803921569
10,5,1,1,2.48322355880081,0.509803921568627
2,1,1,1,2.820374793425,0.715032679738562
2,2,1,1,2.75669627403233,0.745098039215686
2,5,1,1,2.7032257783208,0.759477124183007
5,1,1,1,2.63978421650949,0.530718954248366
5,2,1,1,2.61899539499873,0.592156862745098
5,5,1,1,2.57984898596129,0.609150326797386
1,1,10,1,3.1054908396865,0.802614379084967
1,2,10,1,2.97619899305126,0.832679738562092
1,5,10,1,3.0193945164582,0.835294117647059
10,1,10,1,2.57624044947495,0.447058823529412
10,2,10,1,2.52072323086159,0.49281045751634
10,5,10,1,2.51983641250215,0.526797385620915
2,1,10,1,2.9542143537133,0.712418300653595
2,2,10,1,2.87768621445266,0.708496732026144
2,5,10,1,2.83327972883584,0.742483660130719
5,1,10,1,2.65712069166615,0.588235294117647
5,2,10,1,2.65465931677175,0.584313725490196
5,5,10,1,2.59565303662906,0.620915032679739
1,1,100,1,2.98128728649947,0.802614379084967
1,2,100,1,3.04558706224349,0.813071895424837
1,5,100,1,3.03697598571747,0.809150326797386
10,1,100,1,2.56941348393102,0.430065359477124
10,2,100,1,2.52701951702091,0.482352941176471
10,5,100,1,2.50031164559776,0.516339869281046
2,1,100,1,2.97281743861366,0.67843137254902
2,2,100,1,2.9493209476649,0.67843137254902
2,5,100,1,2.85452721205759,0.728104575163399
5,1,100,1,2.65729501874644,0.545098039215686
5,2,100,1,2.62136832203395,0.563398692810458
5,5,100,1,2.59106103653339,0.596078431372549
1,1,11,1,3.00375002179313,0.816993464052288
1,2,11,1,3.06948107261902,0.810457516339869
1,5,11,1,3.01622638715424,0.813071895424837
10,1,11,1,2.56253024478503,0.433986928104575
10,2,11,1,2.52196142859777,0.488888888888889
10,5,11,1,2.51129706855782,0.505882352941176
2,1,11,1,2.89054133746911,0.713725490196078
2,2,11,1,2.88857996787061,0.701960784313725
2,5,11,1,2.82728134550576,0.724183006535948
5,1,11,1,2.70551971283455,0.54640522875817
5,2,11,1,2.65745971511627,0.572549019607843
5,5,11,1,2.63326991363624,0.601307189542484
1,1,12,1,3.170792517751,0.803921568627451
1,2,12,1,3.19955545591252,0.780392156862745
1,5,12,1,3.16019909838359,0.786928104575163
10,1,12,1,2.5525465816779,0.452287581699346
10,2,12,1,2.48893897254936,0.469281045751634
10,5,12,1,2.47359469689556,0.512418300653595
2,1,12,1,2.89224524371129,0.674509803921569
2,2,12,1,2.82654853621023,0.713725490196078
2,5,12,1,2.80253223620816,0.726797385620915
5,1,12,1,2.74543871316828,0.533333333333333
5,2,12,1,2.68750068670392,0.543790849673203
5,5,12,1,2.64930476009512,0.577777777777778
1,1,13,1,3.26403635907124,0.776470588235294
1,2,13,1,3.08210244325476,0.820915032679739
1,5,13,1,3.06319938254376,0.835294117647059
10,1,13,1,2.5520393656437,0.449673202614379
10,2,13,1,2.53391628545023,0.449673202614379
10,5,13,1,2.51958574902136,0.499346405228758
2,1,13,1,2.84744918563993,0.704575163398693
2,2,13,1,2.83253225778688,0.704575163398693
2,5,13,1,2.77050661033393,0.730718954248366
5,1,13,1,2.66880130621155,0.550326797385621
5,2,13,1,2.64049195976892,0.583006535947712
5,5,13,1,2.57707081340836,0.623529411764706
1,1,14,1,3.09083024372544,0.777777777777778
1,2,14,1,3.06009616408297,0.776470588235294
1,5,14,1,3.06081625658345,0.809150326797386
10,1,14,1,2.5869789046421,0.435294117647059
10,2,14,1,2.54791958886618,0.482352941176471
10,5,14,1,2.48742601927822,0.525490196078431
2,1,14,1,2.81338500451222,0.696732026143791
2,2,14,1,2.85160903710938,0.713725490196078
2,5,14,1,2.83769061537533,0.720261437908497
5,1,14,1,2.60502972602787,0.566013071895425
5,2,14,1,2.58259342756624,0.583006535947712
5,5,14,1,2.57830679236694,0.613071895424837
1,1,15,1,2.94385618816655,0.835294117647059
1,2,15,1,3.0774811142442,0.835294117647059
1,5,15,1,2.93802468020277,0.843137254901961
10,1,15,1,2.57497111204343,0.441830065359477
10,2,15,1,2.55457319982504,0.462745098039216
10,5,15,1,2.51885548361935,0.501960784313725
2,1,15,1,2.90884596946502,0.713725490196078
2,2,15,1,2.88427100594225,0.72156862745098
2,5,15,1,2.84556963412932,0.77124183006536
5,1,15,1,2.63043843584234,0.535947712418301
5,2,15,1,2.59667724830501,0.568627450980392
5,5,15,1,2.57997414500325,0.6
1,1,16,1,3.13138951178297,0.828758169934641
1,2,16,1,3.16949645104591,0.849673202614379
1,5,16,1,3.11479869066501,0.841830065359477
10,1,16,1,2.55954167640838,0.464052287581699
10,2,16,1,2.525053247649,0.503267973856209
10,5,16,1,2.51102851352789,0.513725490196078
2,1,16,1,2.99083875099227,0.673202614379085
2,2,16,1,2.85350729509317,0.713725490196078
2,5,16,1,2.82423919703252,0.734640522875817
5,1,16,1,2.63601838084188,0.550326797385621
5,2,16,1,2.57445151393061,0.567320261437908
5,5,16,1,2.58938276547665,0.601307189542484
1,1,17,1,2.99597724635559,0.781699346405229
1,2,17,1,2.92386220435943,0.796078431372549
1,5,17,1,2.9332747931008,0.807843137254902
10,1,17,1,2.54922622300763,0.43921568627451
10,2,17,1,2.51847567934188,0.454901960784314
10,5,17,1,2.50289430464325,0.505882352941176
2,1,17,1,2.8726767387268,0.724183006535948
2,2,17,1,2.73560327786964,0.743790849673203
2,5,17,1,2.74943086340267,0.756862745098039
5,1,17,1,2.61875507636809,0.538562091503268
5,2,17,1,2.57266280502363,0.594771241830065
5,5,17,1,2.5396831699231,0.623529411764706
1,1,18,1,3.24073872104849,0.767320261437909
1,2,18,1,3.11078724934686,0.822222222222222
1,5,18,1,3.06315303763733,0.832679738562092
10,1,18,1,2.5903370268174,0.447058823529412
10,2,18,1,2.52568873039793,0.471895424836601
10,5,18,1,2.50264084099189,0.516339869281046
2,1,18,1,2.85608960834261,0.699346405228758
2,2,18,1,2.82086260876975,0.735947712418301
2,5,18,1,2.81602785690815,0.726797385620915
5,1,18,1,2.64772702104409,0.56078431372549
5,2,18,1,2.61989668492642,0.586928104575163
5,5,18,1,2.60465264760182,0.602614379084967
1,1,19,1,3.14952059284042,0.815686274509804
1,2,19,1,3.11833955216538,0.833986928104575
1,5,19,1,3.06124675481012,0.847058823529412
10,1,19,1,2.52490854702009,0.420915032679739
10,2,19,1,2.54149171567296,0.46797385620915
10,5,19,1,2.47125617584442,0.526797385620915
2,1,19,1,2.84709578572615,0.74640522875817
2,2,19,1,2.82091095303655,0.755555555555556
2,5,19,1,2.79705845308716,0.786928104575163
5,1,19,1,2.66119414064402,0.534640522875817
5,2,19,1,2.62969985147988,0.542483660130719
5,5,19,1,2.59594300979214,0.606535947712418
1,1,2,1,2.96894905747615,0.823529411764706
1,2,2,1,2.92484501111649,0.824836601307189
1,5,2,1,2.88134965315002,0.852287581699346
10,1,2,1,2.5149626265172,0.479738562091503
10,2,2,1,2.5141533118771,0.474509803921569
10,5,2,1,2.52806733810129,0.512418300653595
2,1,2,1,2.71499358975703,0.742483660130719
2,2,2,1,2.75626193177503,0.754248366013072
2,5,2,1,2.71079835121359,0.749019607843137
5,1,2,1,2.70015949720866,0.549019607843137
5,2,2,1,2.62288589536874,0.556862745098039
5,5,2,1,2.5989485505239,0.6
1,1,20,1,3.09998998681057,0.824836601307189
1,2,20,1,3.06916285221273,0.796078431372549
1,5,20,1,3.0152976964051,0.806535947712418
10,1,20,1,2.56873907603036,0.437908496732026
10,2,20,1,2.5406327713263,0.462745098039216
10,5,20,1,2.49489632772852,0.516339869281046
2,1,20,1,2.86671883848399,0.716339869281046
2,2,20,1,2.83483016351062,0.739869281045752
2,5,20,1,2.86646477259607,0.739869281045752
5,1,20,1,2.71787766096658,0.525490196078431
5,2,20,1,2.68206018076358,0.567320261437908
5,5,20,1,2.64037052563903,0.609150326797386
1,1,21,1,3.30805520424689,0.756862745098039
1,2,21,1,3.27946477403917,0.764705882352941
1,5,21,1,3.2051835056671,0.8
10,1,21,1,2.49135065259595,0.448366013071895
10,2,21,1,2.51037032128756,0.460130718954248
10,5,21,1,2.49634576082986,0.50718954248366
2,1,21,1,2.90242495094928,0.745098039215686
2,2,21,1,2.8609888631866,0.747712418300654
2,5,21,1,2.80837491541715,0.766013071895425
5,1,21,1,2.65354979101838,0.554248366013072
5,2,21,1,2.66861591966633,0.556862745098039
5,5,21,1,2.6341744436383,0.589542483660131
1,1,22,1,3.12615338104873,0.806535947712418
1,2,22,1,3.07260224913001,0.815686274509804
1,5,22,1,3.04379079594506,0.836601307189543
10,1,22,1,2.52533002546873,0.441830065359477
10,2,22,1,2.5211200495599,0.509803921568627
10,5,22,1,2.47176111500636,0.522875816993464
2,1,22,1,2.84100163753652,0.750326797385621
2,2,22,1,2.86397750086621,0.74640522875817
2,5,22,1,2.8179931391404,0.768627450980392
5,1,22,1,2.60672063376913,0.577777777777778
5,2,22,1,2.57503969679708,0.603921568627451
5,5,22,1,2.55856514561631,0.627450980392157
1,1,23,1,3.0173487067948,0.818300653594771
1,2,23,1,2.9537501851156,0.840522875816993
1,5,23,1,2.89550897575289,0.854901960784314
10,1,23,1,2.55456053627614,0.447058823529412
10,2,23,1,2.52570032386417,0.482352941176471
10,5,23,1,2.51333284465385,0.515032679738562
2,1,23,1,2.85428878806467,0.713725490196078
2,2,23,1,2.76237362112246,0.745098039215686
2,5,23,1,2.77553209595469,0.76078431372549
5,1,23,1,2.64944262763376,0.518954248366013
5,2,23,1,2.66452247211123,0.559477124183007
5,5,23,1,2.61742133867211,0.601307189542484
1,1,24,1,3.05016719397232,0.818300653594771
1,2,24,1,3.1639857172452,0.824836601307189
1,5,24,1,3.06484800484458,0.844444444444444
10,1,24,1,2.58263841263486,0.42483660130719
10,2,24,1,2.56546276515597,0.450980392156863
10,5,24,1,2.53839529274697,0.501960784313725
2,1,24,1,2.94730058010366,0.698039215686274
2,2,24,1,2.88325821555217,0.747712418300654
2,5,24,1,2.77249236302476,0.743790849673203
5,1,24,1,2.70232507382367,0.563398692810458
5,2,24,1,2.67688206526424,0.576470588235294
5,5,24,1,2.62218259605674,0.619607843137255
1,1,25,1,3.17276620673118,0.827450980392157
1,2,25,1,3.02785789988421,0.850980392156863
1,5,25,1,3.08146281474379,0.847058823529412
10,1,25,1,2.53085354059425,0.462745098039216
10,2,25,1,2.50468024175465,0.475816993464052
10,5,25,1,2.49390204828727,0.529411764705882
2,1,25,1,3.00944096235282,0.708496732026144
2,2,25,1,2.94755347242122,0.722875816993464
2,5,25,1,2.93997948444701,0.735947712418301
5,1,25,1,2.70905513556282,0.562091503267974
5,2,25,1,2.64581253076092,0.558169934640523
5,5,25,1,2.63525427617862,0.594771241830065
1,1,26,1,3.1918142694081,0.776470588235294
1,2,26,1,3.10316795953579,0.811764705882353
1,5,26,1,3.02868498091274,0.823529411764706
10,1,26,1,2.56654270554219,0.430065359477124
10,2,26,1,2.54996139191198,0.448366013071895
10,5,26,1,2.50384581800029,0.52156862745098
2,1,26,1,2.8096979974725,0.717647058823529
2,2,26,1,2.80507274769275,0.734640522875817
2,5,26,1,2.75896677175617,0.766013071895425
5,1,26,1,2.66926381568048,0.538562091503268
5,2,26,1,2.6295982952859,0.580392156862745
5,5,26,1,2.58572612867396,0.615686274509804
1,1,27,1,3.23562876019997,0.854901960784314
1,2,27,1,3.19121268802188,0.865359477124183
1,5,27,1,3.21461075549833,0.862745098039216
10,1,27,1,2.57783709625983,0.427450980392157
10,2,27,1,2.5054410023157,0.479738562091503
10,5,27,1,2.49644169593377,0.533333333333333
2,1,27,1,2.85549525449756,0.749019607843137
2,2,27,1,2.86299998542261,0.756862745098039
2,5,27,1,2.75982513068519,0.783006535947712
5,1,27,1,2.62277747744479,0.580392156862745
5,2,27,1,2.58824891066826,0.615686274509804
5,5,27,1,2.55545098039659,0.619607843137255
1,1,28,1,3.24786252200892,0.738562091503268
1,2,28,1,3.17651488563596,0.781699346405229
1,5,28,1,3.10998577198159,0.786928104575163
10,1,28,1,2.58108148261019,0.441830065359477
10,2,28,1,2.54252634914745,0.473202614379085
10,5,28,1,2.50466275700063,0.524183006535948
2,1,28,1,3.00239594392324,0.66797385620915
2,2,28,1,2.92575376076517,0.713725490196078
2,5,28,1,2.84248860008175,0.737254901960784
5,1,28,1,2.72954113510134,0.542483660130719
5,2,28,1,2.65048539851896,0.592156862745098
5,5,28,1,2.62565534721184,0.606535947712418
1,1,29,1,3.13915647587693,0.77516339869281
1,2,29,1,3.04168714058845,0.783006535947712
1,5,29,1,3.06459522601818,0.790849673202614
10,1,29,1,2.60032407360356,0.432679738562092
10,2,29,1,2.52455886136213,0.475816993464052
10,5,29,1,2.50441959560138,0.518954248366013
2,1,29,1,2.90730128266527,0.69281045751634
2,2,29,1,2.91255494129795,0.704575163398693
2,5,29,1,2.84305290428828,0.735947712418301
5,1,29,1,2.68361375406846,0.554248366013072
5,2,29,1,2.58692323874618,0.58562091503268
5,5,29,1,2.57663166904886,0.61437908496732
1,1,3,1,3.3113489962542,0.754248366013072
1,2,3,1,3.29155292240114,0.741176470588235
1,5,3,1,3.22756049407348,0.781699346405229
10,1,3,1,2.54875869082517,0.437908496732026
10,2,3,1,2.52503432978714,0.462745098039216
10,5,3,1,2.4964472945068,0.529411764705882
2,1,3,1,2.97690023362639,0.657516339869281
2,2,3,1,2.88501109180184,0.715032679738562
2,5,3,1,2.8626783177676,0.73202614379085
5,1,3,1,2.70615070640115,0.529411764705882
5,2,3,1,2.64910515774527,0.584313725490196
5,5,3,1,2.62707789964296,0.603921568627451
1,1,30,1,2.96832370015664,0.8
1,2,30,1,2.96221971946249,0.802614379084967
1,5,30,1,2.90412725001428,0.818300653594771
10,1,30,1,2.51367910934596,0.443137254901961
10,2,30,1,2.50409259974568,0.470588235294118
10,5,30,1,2.4980525345322,0.501960784313725
2,1,30,1,2.81799377902143,0.70718954248366
2,2,30,1,2.78305156961268,0.722875816993464
2,5,30,1,2.74980912695772,0.741176470588235
5,1,30,1,2.58049223609539,0.545098039215686
5,2,30,1,2.57531171521976,0.576470588235294
5,5,30,1,2.57030606715345,0.592156862745098
1,1,31,1,3.04291904090418,0.809150326797386
1,2,31,1,3.02123643785366,0.827450980392157
1,5,31,1,3.0526549707333,0.836601307189543
10,1,31,1,2.54568356377488,0.449673202614379
10,2,31,1,2.53183379042105,0.460130718954248
10,5,31,1,2.48887598113542,0.511111111111111
2,1,31,1,2.76381434091787,0.725490196078431
2,2,31,1,2.83406109542061,0.734640522875817
2,5,31,1,2.77390417233599,0.749019607843137
5,1,31,1,2.63219783354322,0.541176470588235
5,2,31,1,2.55288505354596,0.58562091503268
5,5,31,1,2.5551589769877,0.616993464052288
1,1,32,1,3.07163192432839,0.818300653594771
1,2,32,1,3.07737946888083,0.833986928104575
1,5,32,1,3.10159526366027,0.832679738562092
10,1,32,1,2.54932660026921,0.45359477124183
10,2,32,1,2.50231206958442,0.461437908496732
10,5,32,1,2.50747023552553,0.500653594771242
2,1,32,1,2.93920664499715,0.701960784313725
2,2,32,1,2.83890414235268,0.74640522875817
2,5,32,1,2.78712249275716,0.763398692810457
5,1,32,1,2.67528742819598,0.562091503267974
5,2,32,1,2.6144970010492,0.579084967320261
5,5,32,1,2.59470014610463,0.626143790849673
1,1,33,1,3.1022401962449,0.796078431372549
1,2,33,1,3.12009465110296,0.798692810457516
1,5,33,1,3.08070516275336,0.809150326797386
10,1,33,1,2.537540821285,0.445751633986928
10,2,33,1,2.48239727119228,0.491503267973856
10,5,33,1,2.47643506585981,0.503267973856209
2,1,33,1,2.97689853807373,0.656209150326797
2,2,33,1,2.90387955915988,0.700653594771242
2,5,33,1,2.80620372233071,0.726797385620915
5,1,33,1,2.6996401761502,0.515032679738562
5,2,33,1,2.67376439730397,0.533333333333333
5,5,33,1,2.64598403771395,0.552941176470588
1,1,34,1,3.01495714211994,0.81437908496732
1,2,34,1,3.02031658093175,0.843137254901961
1,5,34,1,2.90731522124867,0.866666666666667
10,1,34,1,2.55170753994027,0.43921568627451
10,2,34,1,2.51424712723152,0.494117647058824
10,5,34,1,2.48933284223831,0.515032679738562
2,1,34,1,2.7210856451629,0.755555555555556
2,2,34,1,2.77317049131033,0.73202614379085
2,5,34,1,2.74596743308958,0.773856209150327
5,1,34,1,2.6232015600711,0.590849673202614
5,2,34,1,2.59856051215945,0.602614379084967
5,5,34,1,2.55692083714588,0.628758169934641
1,1,35,1,3.16417529223582,0.796078431372549
1,2,35,1,3.07727761565162,0.833986928104575
1,5,35,1,3.10735669275369,0.832679738562092
10,1,35,1,2.58006653937243,0.430065359477124
10,2,35,1,2.53080158802424,0.484967320261438
10,5,35,1,2.49175044488027,0.520261437908497
2,1,35,1,2.84058546853358,0.709803921568627
2,2,35,1,2.80103334802868,0.720261437908497
2,5,35,1,2.79637792461897,0.751633986928105
5,1,35,1,2.70043551847855,0.524183006535948
5,2,35,1,2.64294780786775,0.572549019607843
5,5,35,1,2.57145918605053,0.609150326797386
1,1,36,1,3.05402006546177,0.786928104575163
1,2,36,1,3.08770946613549,0.818300653594771
1,5,36,1,3.01473162559845,0.841830065359477
10,1,36,1,2.57028505418282,0.432679738562092
10,2,36,1,2.53668123410554,0.491503267973856
10,5,36,1,2.4895577418563,0.543790849673203
2,1,36,1,2.86186889844041,0.711111111111111
2,2,36,1,2.84703552108747,0.716339869281046
2,5,36,1,2.84970648705197,0.751633986928105
5,1,36,1,2.72034228646563,0.533333333333333
5,2,36,1,2.69118218088443,0.573856209150327
5,5,36,1,2.65339362563789,0.607843137254902
1,1,37,1,3.0963108185095,0.819607843137255
1,2,37,1,3.06239876799791,0.818300653594771
1,5,37,1,2.99255822766285,0.83921568627451
10,1,37,1,2.57294018675649,0.437908496732026
10,2,37,1,2.55261993971119,0.466666666666667
10,5,37,1,2.49440417744667,0.500653594771242
2,1,37,1,2.93361799364049,0.705882352941177
2,2,37,1,2.85887132402193,0.725490196078431
2,5,37,1,2.85216474855372,0.763398692810457
5,1,37,1,2.64113602832832,0.571241830065359
5,2,37,1,2.62332305826336,0.579084967320261
5,5,37,1,2.62029412793398,0.603921568627451
1,1,38,1,3.12465109496645,0.796078431372549
1,2,38,1,3.15441636853422,0.818300653594771
1,5,38,1,3.01417055881582,0.831372549019608
10,1,38,1,2.55860249752174,0.447058823529412
10,2,38,1,2.53374960298274,0.496732026143791
10,5,38,1,2.50707240615607,0.518954248366013
2,1,38,1,2.77246835973249,0.709803921568627
2,2,38,1,2.72834939193259,0.741176470588235
2,5,38,1,2.74157857319052,0.745098039215686
5,1,38,1,2.6581546143646,0.562091503267974
5,2,38,1,2.63564575839777,0.573856209150327
5,5,38,1,2.59267304947125,0.62483660130719
1,1,39,1,3.08833586523309,0.832679738562092
1,2,39,1,3.06507810608257,0.818300653594771
1,5,39,1,3.04842410700459,0.841830065359477
10,1,39,1,2.5430295360377,0.457516339869281
10,2,39,1,2.51541889692545,0.47843137254902
10,5,39,1,2.50924634005901,0.515032679738562
2,1,39,1,2.90091995083949,0.716339869281046
2,2,39,1,2.90093339984139,0.725490196078431
2,5,39,1,2.84217033247626,0.752941176470588
5,1,39,1,2.75670612722065,0.518954248366013
5,2,39,1,2.66967418983843,0.584313725490196
5,5,39,1,2.64461570992387,0.603921568627451
1,1,4,1,3.09761542981442,0.766013071895425
1,2,4,1,3.00784303663983,0.789542483660131
1,5,4,1,2.98318591156889,0.826143790849673
10,1,4,1,2.55778682102788,0.435294117647059
10,2,4,1,2.50801230448633,0.49281045751634
10,5,4,1,2.49684967944525,0.537254901960784
2,1,4,1,2.84065578771565,0.700653594771242
2,2,4,1,2.84195885172419,0.708496732026144
2,5,4,1,2.80093016104227,0.751633986928105
5,1,4,1,2.7223206829083,0.508496732026144
5,2,4,1,2.66745543419864,0.534640522875817
5,5,4,1,2.62744619057239,0.567320261437908
1,1,40,1,3.2901106904395,0.801307189542484
1,2,40,1,3.22779266526738,0.827450980392157
1,5,40,1,3.26554959759102,0.811764705882353
10,1,40,1,2.54964262118449,0.444444444444444
10,2,40,1,2.52941315078529,0.487581699346405
10,5,40,1,2.50003767872448,0.516339869281046
2,1,40,1,2.98366209952889,0.682352941176471
2,2,40,1,2.88127953110568,0.705882352941177
2,5,40,1,2.85631376484712,0.734640522875817
5,1,40,1,2.72140570263597,0.559477124183007
5,2,40,1,2.73097781060809,0.580392156862745
5,5,40,1,2.65468392072948,0.607843137254902
1,1,41,1,3.1219542938111,0.830065359477124
1,2,41,1,3.13276812130741,0.830065359477124
1,5,41,1,3.08177465472434,0.822222222222222
10,1,41,1,2.58259794805165,0.433986928104575
10,2,41,1,2.55772333880225,0.450980392156863
10,5,41,1,2.50227022080058,0.503267973856209
2,1,41,1,2.75890620970405,0.738562091503268
2,2,41,1,2.73746691206357,0.755555555555556
2,5,41,1,2.74723089892972,0.758169934640523
5,1,41,1,2.75671978882117,0.567320261437908
5,2,41,1,2.70873703608122,0.576470588235294
5,5,41,1,2.66603295013632,0.603921568627451
1,1,42,1,3.24276190215144,0.77124183006536
1,2,42,1,3.16993170898323,0.8
1,5,42,1,3.1392050347805,0.826143790849673
10,1,42,1,2.55879893862492,0.460130718954248
10,2,42,1,2.54798751992691,0.482352941176471
10,5,42,1,2.48563573185367,0.511111111111111
2,1,42,1,2.9575341307099,0.683660130718954
2,2,42,1,2.96638940237487,0.704575163398693
2,5,42,1,2.88257778726833,0.72156862745098
5,1,42,1,2.68977560068409,0.538562091503268
5,2,42,1,2.69601896474203,0.563398692810458
5,5,42,1,2.66121450917146,0.6
1,1,43,1,3.1370645148238,0.8
1,2,43,1,3.07523436722391,0.809150326797386
1,5,43,1,3.08482089707582,0.820915032679739
10,1,43,1,2.51895032485774,0.445751633986928
10,2,43,1,2.52505332082982,0.464052287581699
10,5,43,1,2.49259068886391,0.498039215686275
2,1,43,1,2.89832883591158,0.701960784313725
2,2,43,1,2.78171959039568,0.718954248366013
2,5,43,1,2.82777642717998,0.741176470588235
5,1,43,1,2.65641693418743,0.564705882352941
5,2,43,1,2.6149724190481,0.571241830065359
5,5,43,1,2.55151661939603,0.611764705882353
1,1,44,1,3.14444001259182,0.806535947712418
1,2,44,1,3.10522870844479,0.813071895424837
1,5,44,1,3.09429273947888,0.824836601307189
10,1,44,1,2.60676734247561,0.431372549019608
10,2,44,1,2.54390741181731,0.47843137254902
10,5,44,1,2.52296316360533,0.504575163398693
2,1,44,1,2.89997899329426,0.703267973856209
2,2,44,1,2.86809685991181,0.737254901960784
2,5,44,1,2.82949864696736,0.745098039215686
5,1,44,1,2.66222472749028,0.549019607843137
5,2,44,1,2.65252271277561,0.573856209150327
5,5,44,1,2.60700904243847,0.603921568627451
1,1,45,1,3.17277369094144,0.77124183006536
1,2,45,1,3.10673611639491,0.789542483660131
1,5,45,1,3.05670949322626,0.780392156862745
10,1,45,1,2.5627520469671,0.432679738562092
10,2,45,1,2.51018288118497,0.454901960784314
10,5,45,1,2.48430587696402,0.524183006535948
2,1,45,1,2.88672735481386,0.691503267973856
2,2,45,1,2.81537264991642,0.724183006535948
2,5,45,1,2.76422962983993,0.756862745098039
5,1,45,1,2.5874578698877,0.555555555555556
5,2,45,1,2.55627924762401,0.584313725490196
5,5,45,1,2.53242667603056,0.620915032679739
1,1,46,1,3.04478456198408,0.815686274509804
1,2,46,1,3.05223810570112,0.830065359477124
1,5,46,1,3.00498595865696,0.852287581699346
10,1,46,1,2.54330239314602,0.43921568627451
10,2,46,1,2.49461033708509,0.484967320261438
10,5,46,1,2.48736129742494,0.518954248366013
2,1,46,1,2.87949794720836,0.70718954248366
2,2,46,1,2.8469600896602,0.739869281045752
2,5,46,1,2.81028885612847,0.763398692810457
5,1,46,1,2.81924493952003,0.529411764705882
5,2,46,1,2.69556618381004,0.568627450980392
5,5,46,1,2.64947665058947,0.611764705882353
1,1,47,1,3.16808737768368,0.816993464052288
1,2,47,1,3.12789857628403,0.802614379084967
1,5,47,1,3.10249811161822,0.840522875816993
10,1,47,1,2.53384790767158,0.431372549019608
10,2,47,1,2.48612267219067,0.479738562091503
10,5,47,1,2.4577077722057,0.50718954248366
2,1,47,1,2.92935270785646,0.688888888888889
2,2,47,1,2.91753059287123,0.708496732026144
2,5,47,1,2.85375441243031,0.725490196078431
5,1,47,1,2.7248007032174,0.563398692810458
5,2,47,1,2.63218393240251,0.589542483660131
5,5,47,1,2.62260633426117,0.61437908496732
1,1,48,1,2.99417243166567,0.819607843137255
1,2,48,1,2.91030040676222,0.832679738562092
1,5,48,1,2.96217209391923,0.83921568627451
10,1,48,1,2.55983572200087,0.433986928104575
10,2,48,1,2.54949958202199,0.484967320261438
10,5,48,1,2.48466303020045,0.50718954248366
2,1,48,1,2.81754014655761,0.703267973856209
2,2,48,1,2.71220528928922,0.745098039215686
2,5,48,1,2.72268947402535,0.767320261437909
5,1,48,1,2.79182196154074,0.52156862745098
5,2,48,1,2.71792223724583,0.551633986928105
5,5,48,1,2.66434811820961,0.597385620915033
1,1,49,1,3.037241288276,0.803921568627451
1,2,49,1,3.15703573583313,0.773856209150327
1,5,49,1,3.05802768458572,0.803921568627451
10,1,49,1,2.56303028675709,0.427450980392157
10,2,49,1,2.52149126911319,0.494117647058824
10,5,49,1,2.48779254529292,0.513725490196078
2,1,49,1,2.87603954832304,0.712418300653595
2,2,49,1,2.83456123833184,0.715032679738562
2,5,49,1,2.78163725091932,0.733333333333333
5,1,49,1,2.69127919154649,0.543790849673203
5,2,49,1,2.6302971074587,0.576470588235294
5,5,49,1,2.57665702925547,0.630065359477124
1,1,5,1,2.97346846731196,0.820915032679739
1,2,5,1,2.87187504090777,0.826143790849673
1,5,5,1,2.87745304241895,0.845751633986928
10,1,5,1,2.58303927173704,0.422222222222222
10,2,5,1,2.53968630538104,0.46797385620915
10,5,5,1,2.53348616069288,0.483660130718954
2,1,5,1,2.83289454355281,0.713725490196078
2,2,5,1,2.76973159772936,0.742483660130719
2,5,5,1,2.75104153496188,0.741176470588235
5,1,5,1,2.70041420088566,0.550326797385621
5,2,5,1,2.65142598881686,0.558169934640523
5,5,5,1,2.65174074241433,0.57516339869281
1,1,50,1,3.12457429612344,0.820915032679739
1,2,50,1,3.10290293542343,0.830065359477124
1,5,50,1,3.02271183471437,0.850980392156863
10,1,50,1,2.55682964794279,0.422222222222222
10,2,50,1,2.52854800342419,0.465359477124183
10,5,50,1,2.50053286841831,0.499346405228758
2,1,50,1,2.83078364169749,0.711111111111111
2,2,50,1,2.85555455662591,0.725490196078431
2,5,50,1,2.79951623946874,0.743790849673203
5,1,50,1,2.65072440147,0.541176470588235
5,2,50,1,2.65070370052481,0.580392156862745
5,5,50,1,2.6139724497985,0.588235294117647
1,1,51,1,3.19901614886979,0.810457516339869
1,2,51,1,3.12476225533918,0.820915032679739
1,5,51,1,3.1344551200822,0.831372549019608
10,1,51,1,2.54118135135775,0.474509803921569
10,2,51,1,2.50921081840446,0.487581699346405
10,5,51,1,2.48761421477658,0.528104575163399
2,1,51,1,2.84106297681993,0.73202614379085
2,2,51,1,2.79422134111682,0.739869281045752
2,5,51,1,2.7652790637956,0.777777777777778
5,1,51,1,2.67170933315435,0.566013071895425
5,2,51,1,2.63754743890219,0.6
5,5,51,1,2.58546947051718,0.636601307189542
1,1,52,1,3.26475366564129,0.762091503267974
1,2,52,1,3.35445389441388,0.745098039215686
1,5,52,1,3.2713249486456,0.772549019607843
10,1,52,1,2.60311427584143,0.392156862745098
10,2,52,1,2.55275297959763,0.466666666666667
10,5,52,1,2.49215174452936,0.52156862745098
2,1,52,1,2.98138065544891,0.677124183006536
2,2,52,1,3.04177077361449,0.67843137254902
2,5,52,1,2.91329906669823,0.735947712418301
5,1,52,1,2.68020574289586,0.535947712418301
5,2,52,1,2.62042908095952,0.567320261437908
5,5,52,1,2.61093586881471,0.584313725490196
1,1,53,1,3.16038215367256,0.807843137254902
1,2,53,1,3.13263037302411,0.822222222222222
1,5,53,1,3.15476161791651,0.836601307189543
10,1,53,1,2.57798742780687,0.423529411764706
10,2,53,1,2.53067030927258,0.466666666666667
10,5,53,1,2.49371945566325,0.513725490196078
2,1,53,1,2.94039338786743,0.708496732026144
2,2,53,1,2.94135993337118,0.703267973856209
2,5,53,1,2.885196083961,0.741176470588235
5,1,53,1,2.69731400177992,0.572549019607843
5,2,53,1,2.67486756692944,0.586928104575163
5,5,53,1,2.64889347157159,0.615686274509804
1,1,54,1,3.36114772384188,0.734640522875817
1,2,54,1,3.14113195517008,0.796078431372549
1,5,54,1,3.09468159580062,0.809150326797386
10,1,54,1,2.58008962037971,0.45359477124183
10,2,54,1,2.51580638142365,0.503267973856209
10,5,54,1,2.47540998178505,0.530718954248366
2,1,54,1,2.93850967785466,0.709803921568627
2,2,54,1,2.865289274315,0.724183006535948
2,5,54,1,2.83579037039823,0.756862745098039
5,1,54,1,2.59798836150035,0.57516339869281
5,2,54,1,2.61029966839231,0.569934640522876
5,5,54,1,2.58373122021655,0.607843137254902
1,1,55,1,3.12274058037395,0.759477124183007
1,2,55,1,3.10159129442871,0.769934640522876
1,5,55,1,3.02681216915329,0.784313725490196
10,1,55,1,2.55185240040639,0.45359477124183
10,2,55,1,2.49926353911153,0.491503267973856
10,5,55,1,2.48815765996646,0.525490196078431
2,1,55,1,2.96259210727547,0.681045751633987
2,2,55,1,2.8672908845542,0.718954248366013
2,5,55,1,2.83063689321217,0.724183006535948
5,1,55,1,2.67594883571594,0.555555555555556
5,2,55,1,2.66921959530063,0.583006535947712
5,5,55,1,2.59514774927539,0.606535947712418
1,1,56,1,3.01087962617209,0.841830065359477
1,2,56,1,3.040145595357,0.85359477124183
1,5,56,1,3.05219203359056,0.837908496732026
10,1,56,1,2.52003299850336,0.474509803921569
10,2,56,1,2.50869903261402,0.500653594771242
10,5,56,1,2.49956057643049,0.52156862745098
2,1,56,1,2.91778688615984,0.703267973856209
2,2,56,1,2.8562130904644,0.729411764705882
2,5,56,1,2.87218178202101,0.72156862745098
5,1,56,1,2.67499852766769,0.558169934640523
5,2,56,1,2.64704327802657,0.556862745098039
5,5,56,1,2.62049764062486,0.606535947712418
1,1,57,1,3.19593150861622,0.806535947712418
1,2,57,1,3.13232744502139,0.818300653594771
1,5,57,1,3.06213137561283,0.828758169934641
10,1,57,1,2.58623488404913,0.444444444444444
10,2,57,1,2.53934905207609,0.509803921568627
10,5,57,1,2.4840143660513,0.528104575163399
2,1,57,1,2.87254997158027,0.720261437908497
2,2,57,1,2.85683237259925,0.724183006535948
2,5,57,1,2.86772475955502,0.754248366013072
5,1,57,1,2.63187282047641,0.566013071895425
5,2,57,1,2.60654848137973,0.623529411764706
5,5,57,1,2.57649459095755,0.63921568627451
1,1,58,1,3.08051437958659,0.818300653594771
1,2,58,1,3.11590749052947,0.830065359477124
1,5,58,1,3.0224371162638,0.826143790849673
10,1,58,1,2.5373190685444,0.460130718954248
10,2,58,1,2.50386908126858,0.491503267973856
10,5,58,1,2.48234649862174,0.515032679738562
2,1,58,1,2.9048187215897,0.705882352941177
2,2,58,1,2.79710061700842,0.722875816993464
2,5,58,1,2.80960360873604,0.741176470588235
5,1,58,1,2.6873005845571,0.539869281045752
5,2,58,1,2.67838658054854,0.588235294117647
5,5,58,1,2.66547678139845,0.602614379084967
1,1,59,1,3.06217116540669,0.803921568627451
1,2,59,1,3.12128197356518,0.832679738562092
1,5,59,1,3.06360394473081,0.828758169934641
10,1,59,1,2.55189771424022,0.43921568627451
10,2,59,1,2.52092804038742,0.462745098039216
10,5,59,1,2.50384411088646,0.516339869281046
2,1,59,1,2.86795425533742,0.722875816993464
2,2,59,1,2.90939111149099,0.711111111111111
2,5,59,1,2.86573450009086,0.735947712418301
5,1,59,1,2.72294015381446,0.542483660130719
5,2,59,1,2.70986525844674,0.573856209150327
5,5,59,1,2.69550026591306,0.589542483660131
1,1,6,1,3.24604401765825,0.773856209150327
1,2,6,1,3.04330119127172,0.820915032679739
1,5,6,1,3.0390058564055,0.831372549019608
10,1,6,1,2.53439355600231,0.449673202614379
10,2,6,1,2.53685824675851,0.482352941176471
10,5,6,1,2.49953973830216,0.508496732026144
2,1,6,1,2.87805479521639,0.696732026143791
2,2,6,1,2.83041636165026,0.733333333333333
2,5,6,1,2.79954782700394,0.729411764705882
5,1,6,1,2.73248940892827,0.535947712418301
5,2,6,1,2.6620576271341,0.551633986928105
5,5,6,1,2.65160747208721,0.601307189542484
1,1,60,1,3.08156442379344,0.792156862745098
1,2,60,1,3.13333255727337,0.776470588235294
1,5,60,1,3.06692257410625,0.811764705882353
10,1,60,1,2.59129187463846,0.457516339869281
10,2,60,1,2.5311801958905,0.498039215686275
10,5,60,1,2.49265163750847,0.516339869281046
2,1,60,1,2.82998183416792,0.705882352941177
2,2,60,1,2.8603744894942,0.696732026143791
2,5,60,1,2.82889041771013,0.711111111111111
5,1,60,1,2.6839111919364,0.528104575163399
5,2,60,1,2.63958887402905,0.552941176470588
5,5,60,1,2.63314311748413,0.607843137254902
1,1,61,1,3.23523901338161,0.802614379084967
1,2,61,1,3.19369289999893,0.789542483660131
1,5,61,1,3.09476210293216,0.831372549019608
10,1,61,1,2.56173603751956,0.4
10,2,61,1,2.52139146063623,0.474509803921569
10,5,61,1,2.4654436138457,0.53202614379085
2,1,61,1,2.98213922498199,0.700653594771242
2,2,61,1,2.94421274006201,0.709803921568627
2,5,61,1,2.89910227708979,0.72156862745098
5,1,61,1,2.68920412204253,0.535947712418301
5,2,61,1,2.63062063929508,0.579084967320261
5,5,61,1,2.6454354585083,0.589542483660131
1,1,62,1,3.00230936299964,0.83921568627451
1,2,62,1,2.99363277526879,0.822222222222222
1,5,62,1,3.0119846472529,0.840522875816993
10,1,62,1,2.56717134550816,0.436601307189542
10,2,62,1,2.50876548409426,0.471895424836601
10,5,62,1,2.49452568253034,0.501960784313725
2,1,62,1,2.83905606368997,0.713725490196078
2,2,62,1,2.82565053999966,0.735947712418301
2,5,62,1,2.82276282705951,0.72156862745098
5,1,62,1,2.64352571259501,0.538562091503268
5,2,62,1,2.59631973277713,0.579084967320261
5,5,62,1,2.59218457378173,0.596078431372549
1,1,63,1,3.0793607570588,0.773856209150327
1,2,63,1,3.1620786690496,0.780392156862745
1,5,63,1,3.07378698226439,0.802614379084967
10,1,63,1,2.55498225481869,0.458823529411765
10,2,63,1,2.49925189429751,0.477124183006536
10,5,63,1,2.4815410833421,0.513725490196078
2,1,63,1,2.99083633433745,0.674509803921569
2,2,63,1,2.89670118395979,0.699346405228758
2,5,63,1,2.89757808312289,0.726797385620915
5,1,63,1,2.66767613229822,0.569934640522876
5,2,63,1,2.6506887213749,0.584313725490196
5,5,63,1,2.64023104336382,0.613071895424837
1,1,64,1,3.19235269190002,0.794771241830065
1,2,64,1,3.15361312328499,0.81437908496732
1,5,64,1,3.14599498398266,0.815686274509804
10,1,64,1,2.54349841009315,0.441830065359477
10,2,64,1,2.54633952594419,0.470588235294118
10,5,64,1,2.51159381976722,0.511111111111111
2,1,64,1,3.0126325244236,0.677124183006536
2,2,64,1,2.99777790020832,0.684967320261438
2,5,64,1,2.95197048367278,0.711111111111111
5,1,64,1,2.62573522136237,0.58562091503268
5,2,64,1,2.62036613221244,0.584313725490196
5,5,64,1,2.60370331174493,0.610457516339869
1,1,65,1,3.14943436651637,0.792156862745098
1,2,65,1,3.02884652940027,0.824836601307189
1,5,65,1,3.03378596450201,0.827450980392157
10,1,65,1,2.58845456916257,0.46797385620915
10,2,65,1,2.52624008550556,0.486274509803922
10,5,65,1,2.50946050245685,0.495424836601307
2,1,65,1,2.86649468447438,0.700653594771242
2,2,65,1,2.85523223220453,0.726797385620915
2,5,65,1,2.89126026999188,0.74640522875817
5,1,65,1,2.68063871966206,0.555555555555556
5,2,65,1,2.67952950134336,0.568627450980392
5,5,65,1,2.6066552065042,0.607843137254902
1,1,66,1,3.11357882825076,0.849673202614379
1,2,66,1,3.06491024088355,0.854901960784314
1,5,66,1,3.05599075879892,0.873202614379085
10,1,66,1,2.58387637324428,0.426143790849673
10,2,66,1,2.5851265722857,0.448366013071895
10,5,66,1,2.49969955472404,0.498039215686275
2,1,66,1,3.02414021560871,0.709803921568627
2,2,66,1,2.97096849647184,0.747712418300654
2,5,66,1,2.95654668578549,0.749019607843137
5,1,66,1,2.71282930851981,0.547712418300654
5,2,66,1,2.7036462931013,0.581699346405229
5,5,66,1,2.63730117002541,0.609150326797386
1,1,67,1,3.03741606672369,0.811764705882353
1,2,67,1,3.03891972284808,0.836601307189543
1,5,67,1,2.98533655051844,0.860130718954248
10,1,67,1,2.49918575630889,0.454901960784314
10,2,67,1,2.51370623445159,0.465359477124183
10,5,67,1,2.48453047834289,0.525490196078431
2,1,67,1,2.85337942118782,0.70718954248366
2,2,67,1,2.81936328040725,0.729411764705882
2,5,67,1,2.74285960411212,0.756862745098039
5,1,67,1,2.61894288350434,0.554248366013072
5,2,67,1,2.57552870275895,0.586928104575163
5,5,67,1,2.56581851626967,0.622222222222222
1,1,68,1,2.97985844383114,0.824836601307189
1,2,68,1,2.99729176527661,0.843137254901961
1,5,68,1,3.06746374853687,0.824836601307189
10,1,68,1,2.59097079301098,0.418300653594771
10,2,68,1,2.53303800596897,0.494117647058824
10,5,68,1,2.47583882219255,0.511111111111111
2,1,68,1,2.87448656603649,0.686274509803922
2,2,68,1,2.8543774984401,0.725490196078431
2,5,68,1,2.77967493808104,0.758169934640523
5,1,68,1,2.6302576231836,0.528104575163399
5,2,68,1,2.58243697240134,0.577777777777778
5,5,68,1,2.5676052419858,0.598692810457516
1,1,69,1,3.1778997883063,0.766013071895425
1,2,69,1,3.22241536854737,0.772549019607843
1,5,69,1,3.10410813565721,0.796078431372549
10,1,69,1,2.61919424073109,0.42875816993464
10,2,69,1,2.546909162582,0.475816993464052
10,5,69,1,2.50252969775477,0.513725490196078
2,1,69,1,2.90283319222688,0.673202614379085
2,2,69,1,2.83267665541321,0.698039215686274
2,5,69,1,2.86084162777384,0.705882352941177
5,1,69,1,2.67680111252606,0.526797385620915
5,2,69,1,2.65717879702804,0.554248366013072
5,5,69,1,2.56551241988902,0.622222222222222
1,1,7,1,3.06753507449808,0.8
1,2,7,1,3.01934034016374,0.816993464052288
1,5,7,1,2.98922818203328,0.830065359477124
10,1,7,1,2.5581823486538,0.441830065359477
10,2,7,1,2.52275743982974,0.475816993464052
10,5,7,1,2.51907310104341,0.522875816993464
2,1,7,1,2.90139415183312,0.671895424836601
2,2,7,1,2.90219567559759,0.705882352941177
2,5,7,1,2.82003374801235,0.739869281045752
5,1,7,1,2.72353456686915,0.559477124183007
5,2,7,1,2.63906662030362,0.588235294117647
5,5,7,1,2.63687935279369,0.607843137254902
1,1,70,1,3.18822098774225,0.766013071895425
1,2,70,1,3.12167347624336,0.805228758169935
1,5,70,1,3.00550569080204,0.819607843137255
10,1,70,1,2.59896092360624,0.448366013071895
10,2,70,1,2.53856621551297,0.495424836601307
10,5,70,1,2.46013308068506,0.52156862745098
2,1,70,1,2.90072540464727,0.688888888888889
2,2,70,1,2.77438997221577,0.722875816993464
2,5,70,1,2.74792342216449,0.73202614379085
5,1,70,1,2.61637689139893,0.569934640522876
5,2,70,1,2.59721728516261,0.572549019607843
5,5,70,1,2.60194383085943,0.619607843137255
1,1,71,1,3.09574226193172,0.816993464052288
1,2,71,1,3.01110951104769,0.841830065359477
1,5,71,1,3.00987247386795,0.837908496732026
10,1,71,1,2.58889071318062,0.452287581699346
10,2,71,1,2.55655466041644,0.461437908496732
10,5,71,1,2.51078726583003,0.503267973856209
2,1,71,1,2.90662096695541,0.708496732026144
2,2,71,1,2.86889460059019,0.720261437908497
2,5,71,1,2.85537817286121,0.73202614379085
5,1,71,1,2.72312035518888,0.52156862745098
5,2,71,1,2.69302022698921,0.559477124183007
5,5,71,1,2.67003686062187,0.592156862745098
1,1,72,1,2.96531284044263,0.827450980392157
1,2,72,1,3.00443529753749,0.847058823529412
1,5,72,1,3.03965654468155,0.840522875816993
10,1,72,1,2.58447780534354,0.431372549019608
10,2,72,1,2.55858516824621,0.47843137254902
10,5,72,1,2.51810789193963,0.509803921568627
2,1,72,1,2.88911279491427,0.729411764705882
2,2,72,1,2.85128104847592,0.747712418300654
2,5,72,1,2.85322594142035,0.749019607843137
5,1,72,1,2.63487587775846,0.576470588235294
5,2,72,1,2.60251657867565,0.588235294117647
5,5,72,1,2.57302851481664,0.62483660130719
1,1,73,1,3.02600206437774,0.858823529411765
1,2,73,1,3.08499328360632,0.857516339869281
1,5,73,1,3.04102604233264,0.860130718954248
10,1,73,1,2.58356643518397,0.444444444444444
10,2,73,1,2.51393378196782,0.483660130718954
10,5,73,1,2.49152612556874,0.517647058823529
2,1,73,1,2.82158841216652,0.728104575163399
2,2,73,1,2.76197842449951,0.747712418300654
2,5,73,1,2.70774792419283,0.777777777777778
5,1,73,1,2.61655483423748,0.588235294117647
5,2,73,1,2.56798226756843,0.602614379084967
5,5,73,1,2.56854464754714,0.61437908496732
1,1,74,1,3.21510743618291,0.793464052287582
1,2,74,1,3.17145597740137,0.813071895424837
1,5,74,1,3.20866857634487,0.809150326797386
10,1,74,1,2.56656046253257,0.456209150326797
10,2,74,1,2.55045702246489,0.471895424836601
10,5,74,1,2.48749207147592,0.505882352941176
2,1,74,1,2.76870078414096,0.73202614379085
2,2,74,1,2.75856404113909,0.749019607843137
2,5,74,1,2.71144535335444,0.772549019607843
5,1,74,1,2.61905079102428,0.580392156862745
5,2,74,1,2.5993695626286,0.594771241830065
5,5,74,1,2.57843057485005,0.609150326797386
1,1,75,1,3.09195806058753,0.822222222222222
1,2,75,1,3.12600359584369,0.816993464052288
1,5,75,1,2.99384753925492,0.850980392156863
10,1,75,1,2.55158354070032,0.448366013071895
10,2,75,1,2.53738810597096,0.473202614379085
10,5,75,1,2.51405440910581,0.503267973856209
2,1,75,1,2.92808078304591,0.696732026143791
2,2,75,1,2.90096190770677,0.713725490196078
2,5,75,1,2.85882197122187,0.741176470588235
5,1,75,1,2.73174884985755,0.535947712418301
5,2,75,1,2.69810253793199,0.580392156862745
5,5,75,1,2.67632920909818,0.606535947712418
1,1,76,1,3.19628515246531,0.809150326797386
1,2,76,1,3.0875884392971,0.818300653594771
1,5,76,1,3.07149679972475,0.828758169934641
10,1,76,1,2.57734800457484,0.450980392156863
10,2,76,1,2.56664975902593,0.477124183006536
10,5,76,1,2.50877616661753,0.513725490196078
2,1,76,1,2.91663581463421,0.726797385620915
2,2,76,1,2.87942392146393,0.729411764705882
2,5,76,1,2.86739862895908,0.745098039215686
5,1,76,1,2.71331402493992,0.558169934640523
5,2,76,1,2.65903572629426,0.581699346405229
5,5,76,1,2.62065052117356,0.648366013071895
1,1,77,1,3.09359121858827,0.840522875816993
1,2,77,1,3.13757851937574,0.816993464052288
1,5,77,1,3.07383385605729,0.835294117647059
10,1,77,1,2.49140188325502,0.460130718954248
10,2,77,1,2.50210131747315,0.473202614379085
10,5,77,1,2.48415985839364,0.516339869281046
2,1,77,1,2.92920844794777,0.705882352941177
2,2,77,1,2.88456867227584,0.725490196078431
2,5,77,1,2.87970591348749,0.717647058823529
5,1,77,1,2.72796717026302,0.534640522875817
5,2,77,1,2.66009365126531,0.577777777777778
5,5,77,1,2.63363009921461,0.607843137254902
1,1,78,1,3.0296709813157,0.843137254901961
1,2,78,1,3.01337685952281,0.85359477124183
1,5,78,1,2.95747346860482,0.861437908496732
10,1,78,1,2.56380528756745,0.426143790849673
10,2,78,1,2.53541448559964,0.469281045751634
10,5,78,1,2.49847306370172,0.488888888888889
2,1,78,1,2.85941916818951,0.718954248366013
2,2,78,1,2.74404630206535,0.759477124183007
2,5,78,1,2.76944068692382,0.768627450980392
5,1,78,1,2.70196725203631,0.549019607843137
5,2,78,1,2.63525579781086,0.584313725490196
5,5,78,1,2.64815693737977,0.623529411764706
1,1,79,1,3.11288694922004,0.815686274509804
1,2,79,1,3.13337695140528,0.81437908496732
1,5,79,1,3.04809430319225,0.833986928104575
10,1,79,1,2.5681100257606,0.443137254901961
10,2,79,1,2.53983824237189,0.479738562091503
10,5,79,1,2.50274312634027,0.522875816993464
2,1,79,1,2.81126654286592,0.725490196078431
2,2,79,1,2.82879351620315,0.711111111111111
2,5,79,1,2.80488014039687,0.742483660130719
5,1,79,1,2.63260056138706,0.525490196078431
5,2,79,1,2.63219273891728,0.568627450980392
5,5,79,1,2.60917061917021,0.58562091503268
1,1,8,1,3.10482176422236,0.811764705882353
1,2,8,1,3.10403350956919,0.828758169934641
1,5,8,1,3.12884176784634,0.811764705882353
10,1,8,1,2.57602633244277,0.435294117647059
10,2,8,1,2.54102190137758,0.45359477124183
10,5,8,1,2.4868038964739,0.50718954248366
2,1,8,1,2.88120154471893,0.711111111111111
2,2,8,1,2.83532559393931,0.738562091503268
2,5,8,1,2.79780499686976,0.751633986928105
5,1,8,1,2.69275338453892,0.542483660130719
5,2,8,1,2.62042230169475,0.58562091503268
5,5,8,1,2.57272929385839,0.606535947712418
1,1,80,1,3.17873227244637,0.805228758169935
1,2,80,1,3.08272564800286,0.803921568627451
1,5,80,1,2.99529171452122,0.815686274509804
10,1,80,1,2.55949007119003,0.447058823529412
10,2,80,1,2.53379130363581,0.484967320261438
10,5,80,1,2.49955452246943,0.526797385620915
2,1,80,1,2.866070919973,0.701960784313725
2,2,80,1,2.88369342130539,0.718954248366013
2,5,80,1,2.82747671883123,0.751633986928105
5,1,80,1,2.76457408620044,0.541176470588235
5,2,80,1,2.69121644780893,0.552941176470588
5,5,80,1,2.66381467820277,0.589542483660131
1,1,81,1,3.13847605005429,0.810457516339869
1,2,81,1,3.10831531278113,0.805228758169935
1,5,81,1,3.09056465050707,0.835294117647059
10,1,81,1,2.63723258358217,0.418300653594771
10,2,81,1,2.5537474712226,0.464052287581699
10,5,81,1,2.53901804269467,0.503267973856209
2,1,81,1,2.81820676169653,0.735947712418301
2,2,81,1,2.84143440014414,0.726797385620915
2,5,81,1,2.78202394839194,0.742483660130719
5,1,81,1,2.72033436437835,0.516339869281046
5,2,81,1,2.65294504994732,0.559477124183007
5,5,81,1,2.67044634210803,0.567320261437908
1,1,82,1,3.03543587727721,0.813071895424837
1,2,82,1,3.04115612988416,0.819607843137255
1,5,82,1,2.99750277576558,0.837908496732026
10,1,82,1,2.52975014203647,0.454901960784314
10,2,82,1,2.50068464591966,0.475816993464052
10,5,82,1,2.48919158996491,0.526797385620915
2,1,82,1,2.91029116726197,0.704575163398693
2,2,82,1,2.91327077680588,0.704575163398693
2,5,82,1,2.90387259431387,0.730718954248366
5,1,82,1,2.65136107683654,0.564705882352941
5,2,82,1,2.59580394811724,0.586928104575163
5,5,82,1,2.59005099702377,0.615686274509804
1,1,83,1,3.1395807402701,0.843137254901961
1,2,83,1,3.07952517192175,0.820915032679739
1,5,83,1,3.00384490134841,0.860130718954248
10,1,83,1,2.5736540718498,0.444444444444444
10,2,83,1,2.50733737846544,0.487581699346405
10,5,83,1,2.50596203439592,0.504575163398693
2,1,83,1,2.92442780790872,0.739869281045752
2,2,83,1,2.84167734925759,0.763398692810457
2,5,83,1,2.81108884945276,0.751633986928105
5,1,83,1,2.74254699820892,0.535947712418301
5,2,83,1,2.68943660493095,0.584313725490196
5,5,83,1,2.67365295461687,0.592156862745098
1,1,84,1,3.116001655308,0.81437908496732
1,2,84,1,3.22643135267677,0.81437908496732
1,5,84,1,3.14343045539814,0.837908496732026
10,1,84,1,2.55044892382525,0.437908496732026
10,2,84,1,2.55265990297468,0.471895424836601
10,5,84,1,2.49895712258778,0.515032679738562
2,1,84,1,2.92266807942996,0.696732026143791
2,2,84,1,2.93585213600894,0.691503267973856
2,5,84,1,2.82872017729222,0.733333333333333
5,1,84,1,2.69108031479238,0.554248366013072
5,2,84,1,2.65492618098385,0.567320261437908
5,5,84,1,2.65776985232294,0.588235294117647
1,1,85,1,3.1309052121029,0.792156862745098
1,2,85,1,3.05831620941468,0.798692810457516
1,5,85,1,2.99161193962867,0.827450980392157
10,1,85,1,2.4971539590564,0.482352941176471
10,2,85,1,2.54148460729288,0.46797385620915
10,5,85,1,2.48348885482537,0.513725490196078
2,1,85,1,2.86277877388635,0.695424836601307
2,2,85,1,2.85666930310943,0.679738562091503
2,5,85,1,2.841129850409,0.716339869281046
5,1,85,1,2.71499263551405,0.516339869281046
5,2,85,1,2.68175851589464,0.556862745098039
5,5,85,1,2.61452685053449,0.596078431372549
1,1,86,1,3.09899236002609,0.802614379084967
1,2,86,1,3.00789838730897,0.816993464052288
1,5,86,1,3.03760064760623,0.811764705882353
10,1,86,1,2.58007683367054,0.437908496732026
10,2,86,1,2.53543385736007,0.466666666666667
10,5,86,1,2.5060575993701,0.518954248366013
2,1,86,1,2.91206313419625,0.664052287581699
2,2,86,1,2.87276385251271,0.690196078431373
2,5,86,1,2.81457050082694,0.718954248366013
5,1,86,1,2.72887639534164,0.529411764705882
5,2,86,1,2.69686511621771,0.562091503267974
5,5,86,1,2.66080536833179,0.592156862745098
1,1,87,1,2.97834343928914,0.847058823529412
1,2,87,1,3.00041111074674,0.833986928104575
1,5,87,1,2.90704664521181,0.862745098039216
10,1,87,1,2.56108365230987,0.452287581699346
10,2,87,1,2.53792099740118,0.491503267973856
10,5,87,1,2.47999552896185,0.525490196078431
2,1,87,1,2.81771042824987,0.708496732026144
2,2,87,1,2.76231022706414,0.724183006535948
2,5,87,1,2.74674924943127,0.762091503267974
5,1,87,1,2.69837977612053,0.550326797385621
5,2,87,1,2.64423798727005,0.583006535947712
5,5,87,1,2.58504439865845,0.650980392156863
1,1,88,1,3.10820298649956,0.790849673202614
1,2,88,1,3.09455609597857,0.81437908496732
1,5,88,1,3.02480121758317,0.844444444444444
10,1,88,1,2.57627404968721,0.444444444444444
10,2,88,1,2.54572316754825,0.466666666666667
10,5,88,1,2.50617386254665,0.52156862745098
2,1,88,1,2.82925835759626,0.747712418300654
2,2,88,1,2.83886053869284,0.751633986928105
2,5,88,1,2.81425890883228,0.749019607843137
5,1,88,1,2.6083417848313,0.558169934640523
5,2,88,1,2.59975790397335,0.605228758169935
5,5,88,1,2.58466288344561,0.628758169934641
1,1,89,1,3.12446082600102,0.788235294117647
1,2,89,1,3.03992771536097,0.828758169934641
1,5,89,1,3.06488830159048,0.820915032679739
10,1,89,1,2.52765941250502,0.454901960784314
10,2,89,1,2.52147820336044,0.482352941176471
10,5,89,1,2.50128862385519,0.511111111111111
2,1,89,1,2.8261530130034,0.725490196078431
2,2,89,1,2.78184912800069,0.722875816993464
2,5,89,1,2.79713400592363,0.742483660130719
5,1,89,1,2.60412409885272,0.56078431372549
5,2,89,1,2.6634348621747,0.542483660130719
5,5,89,1,2.6441257775143,0.592156862745098
1,1,9,1,3.09847103256023,0.826143790849673
1,2,9,1,3.09832623853765,0.820915032679739
1,5,9,1,3.0727275285517,0.856209150326797
10,1,9,1,2.59462727685183,0.430065359477124
10,2,9,1,2.52432391224108,0.46797385620915
10,5,9,1,2.51572861555473,0.508496732026144
2,1,9,1,2.90704978932665,0.699346405228758
2,2,9,1,2.79730956888425,0.745098039215686
2,5,9,1,2.75635580314957,0.755555555555556
5,1,9,1,2.77569032555749,0.551633986928105
5,2,9,1,2.67297174741714,0.581699346405229
5,5,9,1,2.63504316471484,0.62483660130719
1,1,90,1,3.08212270671705,0.819607843137255
1,2,90,1,3.07810317247373,0.831372549019608
1,5,90,1,3.06520059461754,0.830065359477124
10,1,90,1,2.54278150569129,0.460130718954248
10,2,90,1,2.50739911885176,0.46797385620915
10,5,90,1,2.50109954765822,0.518954248366013
2,1,90,1,2.9440801037798,0.677124183006536
2,2,90,1,2.87413662588467,0.729411764705882
2,5,90,1,2.83783055829264,0.738562091503268
5,1,90,1,2.73108058342958,0.508496732026144
5,2,90,1,2.66332288715449,0.538562091503268
5,5,90,1,2.69044800152753,0.577777777777778
1,1,91,1,3.14016135448633,0.726797385620915
1,2,91,1,3.08625604356804,0.752941176470588
1,5,91,1,3.13900328955971,0.768627450980392
10,1,91,1,2.55703581867575,0.436601307189542
10,2,91,1,2.54615934621894,0.462745098039216
10,5,91,1,2.50880901674673,0.496732026143791
2,1,91,1,2.86757485205314,0.712418300653595
2,2,91,1,2.84293148111867,0.712418300653595
2,5,91,1,2.82352290249904,0.729411764705882
5,1,91,1,2.61244033681205,0.56078431372549
5,2,91,1,2.58844927051383,0.607843137254902
5,5,91,1,2.59968164163455,0.607843137254902
1,1,92,1,3.01688647309326,0.816993464052288
1,2,92,1,3.03539732318917,0.807843137254902
1,5,92,1,2.99716926445024,0.831372549019608
10,1,92,1,2.53485678066008,0.437908496732026
10,2,92,1,2.52761746013788,0.448366013071895
10,5,92,1,2.49370493799001,0.504575163398693
2,1,92,1,2.90867273037381,0.686274509803922
2,2,92,1,2.79595710181315,0.755555555555556
2,5,92,1,2.78414330653179,0.752941176470588
5,1,92,1,2.70461022952601,0.537254901960784
5,2,92,1,2.63951055104973,0.577777777777778
5,5,92,1,2.63797727603031,0.594771241830065
1,1,93,1,3.12204538158789,0.786928104575163
1,2,93,1,3.20474818811519,0.796078431372549
1,5,93,1,3.16571925934333,0.818300653594771
10,1,93,1,2.58232747125014,0.430065359477124
10,2,93,1,2.52764485769584,0.47843137254902
10,5,93,1,2.4925992086696,0.512418300653595
2,1,93,1,2.85325513932144,0.705882352941177
2,2,93,1,2.86737657113702,0.716339869281046
2,5,93,1,2.86069970108565,0.730718954248366
5,1,93,1,2.66667757240433,0.552941176470588
5,2,93,1,2.59433941941057,0.57516339869281
5,5,93,1,2.58567883804661,0.61437908496732
1,1,94,1,3.13606104381372,0.802614379084967
1,2,94,1,3.12086836015262,0.824836601307189
1,5,94,1,3.15078140609881,0.830065359477124
10,1,94,1,2.59408520075599,0.448366013071895
10,2,94,1,2.53657040769627,0.471895424836601
10,5,94,1,2.49243557056427,0.525490196078431
2,1,94,1,2.9407345489208,0.701960784313725
2,2,94,1,2.86785881454296,0.735947712418301
2,5,94,1,2.80273331819534,0.754248366013072
5,1,94,1,2.65464812431713,0.547712418300654
5,2,94,1,2.67018089372644,0.567320261437908
5,5,94,1,2.58914522802113,0.610457516339869
1,1,95,1,3.10156020891382,0.805228758169935
1,2,95,1,3.03458421605524,0.823529411764706
1,5,95,1,3.09418999142418,0.824836601307189
10,1,95,1,2.55082886446112,0.431372549019608
10,2,95,1,2.52330651773276,0.470588235294118
10,5,95,1,2.48791143148054,0.529411764705882
2,1,95,1,2.79347242066324,0.708496732026144
2,2,95,1,2.84297315787747,0.713725490196078
2,5,95,1,2.78485255363927,0.72156862745098
5,1,95,1,2.6532946875295,0.569934640522876
5,2,95,1,2.61644753870193,0.571241830065359
5,5,95,1,2.59695997362313,0.607843137254902
1,1,96,1,3.13662606787447,0.809150326797386
1,2,96,1,3.11465273435906,0.815686274509804
1,5,96,1,2.97728280853063,0.864052287581699
10,1,96,1,2.60116730491261,0.441830065359477
10,2,96,1,2.53985528413459,0.487581699346405
10,5,96,1,2.50176342145191,0.520261437908497
2,1,96,1,2.84758761764055,0.720261437908497
2,2,96,1,2.83098730674915,0.716339869281046
2,5,96,1,2.81006190264798,0.741176470588235
5,1,96,1,2.67065922506228,0.551633986928105
5,2,96,1,2.63111665872525,0.597385620915033
5,5,96,1,2.57207592213127,0.62483660130719
1,1,97,1,3.33597393951859,0.8
1,2,97,1,3.30574441952415,0.807843137254902
1,5,97,1,3.23212580908015,0.830065359477124
10,1,97,1,2.51434786153834,0.447058823529412
10,2,97,1,2.50076419152433,0.477124183006536
10,5,97,1,2.4984759781308,0.525490196078431
2,1,97,1,2.97194527979594,0.70718954248366
2,2,97,1,2.94375799225182,0.722875816993464
2,5,97,1,2.87600376539891,0.742483660130719
5,1,97,1,2.69204223627658,0.54640522875817
5,2,97,1,2.67796038980198,0.566013071895425
5,5,97,1,2.63815786369455,0.589542483660131
1,1,98,1,3.11058720907154,0.802614379084967
1,2,98,1,3.09420208498539,0.807843137254902
1,5,98,1,3.00892651939699,0.835294117647059
10,1,98,1,2.54181590485306,0.46797385620915
10,2,98,1,2.53335834217535,0.481045751633987
10,5,98,1,2.52030362028814,0.520261437908497
2,1,98,1,2.93490517766848,0.698039215686274
2,2,98,1,2.89858983714824,0.724183006535948
2,5,98,1,2.87960717539224,0.724183006535948
5,1,98,1,2.67503444358029,0.54640522875817
5,2,98,1,2.66091236522123,0.569934640522876
5,5,98,1,2.62515547888756,0.615686274509804
1,1,99,1,3.13417091093172,0.801307189542484
1,2,99,1,3.21104482324773,0.793464052287582
1,5,99,1,3.12629312846931,0.820915032679739
10,1,99,1,2.60802199513361,0.43921568627451
10,2,99,1,2.5788677361328,0.458823529411765
10,5,99,1,2.4966333479728,0.512418300653595
2,1,99,1,2.88029336171757,0.715032679738562
2,2,99,1,2.89283686619637,0.751633986928105
2,5,99,1,2.88396970436801,0.752941176470588
5,1,99,1,2.67874463294083,0.534640522875817
5,2,99,1,2.61829979341643,0.559477124183007
5,5,99,1,2.58725677890388,0.609150326797386
